Date,Norway,Israel,India,France,United Kingdom,Italy,Poland,Austria,Japan,Argentina,Korea,Switzerland,Russia,China,Saudi Arabia,Sweden,Singapore,Germany,Belgium,Mexico,Thailand,Brazil,TÃ¼rkiye,Indonesia,Netherlands,Canada,Ireland,United States,Spain
2001/1/1,83.503755,80.563814,61.207245,84.601172,81.177786,82.005144,78.537055,83.935342,102.408156,39.93797356,74.796811,92.282689,34.41665,82.50092,76.163884,86.520262,86.276835,86.451735,81.970861,66.173769,77.923029,54.36081988,23.86607392,45.882734,83.3177,82.684602,79.638166,80.300657,77.323194
2001/2/1,84.15528,80.482987,61.207245,84.833448,81.289601,82.284731,78.601219,84.055079,102.091756,39.84699883,75.161509,92.157809,35.216322,82.582685,76.008764,86.83434,86.113235,86.90555,82.326132,66.129903,78.26485,54.61093995,24.11781954,46.283511,84.0492,83.11391,80.368792,80.621677,77.577049
2001/3/1,84.372455,80.644641,61.399414,85.213535,81.625047,82.360005,78.986205,84.174815,101.986289,39.92292068,75.820283,92.305618,35.86221,82.092095,76.008764,87.475721,86.266539,86.90555,82.509151,66.548942,78.26485,54.81835659,25.18600595,46.696683,84.8354,83.371494,80.995042,80.805116,77.903931
2001/4/1,84.698217,81.372082,61.710044,85.625297,82.072307,82.714866,79.627847,84.653762,102.091756,40.18978494,76.112042,92.560889,36.508099,82.255625,76.008764,88.236121,86.503359,87.245911,83.219694,66.88461,78.838622,55.1362242,27.88158767,46.909467,85.3048,83.972524,81.725668,81.126135,78.308476
2001/5/1,85.132567,81.696528,61.862726,86.153196,82.743198,82.929933,80.526147,84.893235,102.197223,40.21579458,76.039102,93.063262,37.153988,81.8468,75.853644,88.834522,86.155565,87.586272,83.747219,67.03814,79.058364,55.36226339,29.08219244,47.438326,85.5887,84.659416,82.247543,81.493014,78.60464
2001/6/1,85.132567,81.939008,62.054895,86.205986,82.855013,83.145,80.461983,85.012971,101.986289,39.92572729,76.257921,93.239609,37.76912,80.865619,75.853644,88.705585,85.683069,87.699726,83.89794,67.19671,78.838622,55.65027071,30.59071157,48.229551,85.2612,84.745278,82.665043,81.630594,78.869507
2001/7/1,84.046693,82.262315,62.170724,86.026501,82.295937,83.220274,80.205326,85.012971,101.669889,39.7951397,76.403801,93.098492,37.922903,80.456794,75.698524,88.252651,86.196751,87.81318,83.833345,67.022065,78.838622,56.39035641,30.67604662,49.254217,85.1411,84.487693,82.456293,81.401295,79.063086
2001/8/1,83.938105,82.504796,62.40238,86.026501,82.631383,83.220274,79.948669,84.893235,101.986289,39.65281153,76.696717,92.582047,37.922903,80.538559,75.620964,88.470853,86.146413,87.586272,83.822579,67.419171,78.838622,56.78496176,30.85152756,49.150924,85.4577,84.487693,82.665043,81.401295,79.254347
2001/9/1,84.372455,82.666449,62.40238,86.18487,82.855013,83.220274,80.205326,85.132708,101.880823,39.62279004,76.623778,92.700038,38.168956,81.274444,75.620964,89.214722,86.027431,87.586272,84.059427,68.046777,79.058364,56.94389557,33.50744938,49.464934,86.5059,84.659416,83.082543,81.768174,79.243335
2001/10/1,84.372455,82.747276,62.71301,86.23766,82.631383,83.360067,80.526147,85.252445,101.880823,39.44798775,76.623778,92.559511,38.568792,81.519739,75.698524,88.973378,85.81006,87.472818,83.930238,68.354245,78.716543,57.41652297,36.62954687,49.799604,86.4185,84.230109,83.291293,81.493014,79.161035
2001/11/1,84.372455,82.262315,62.634036,86.005385,82.519568,83.499861,80.590311,85.132708,101.353489,39.31861383,76.186139,92.683407,39.091655,81.356209,75.620964,89.006439,85.629299,87.245911,84.02713,68.611717,78.496801,57.82429253,38.65267178,50.650738,86.3093,83.457355,83.291293,81.355435,79.102498
2001/12/1,84.58963,82.181488,62.441867,86.110964,82.743198,83.575135,80.782804,85.252445,101.248023,39.28871876,76.332019,92.649259,39.737544,81.437974,75.776084,89.085785,85.453114,88.153541,83.844111,68.706805,78.26485,58.20027532,39.50323317,51.470884,86.0473,83.629078,83.708794,81.034416,79.389389
2002/1/1,84.698217,83.070583,62.133869,86.512168,82.407753,83.929996,81.424447,85.611654,101.037089,40.18945624,76.769657,92.763905,40.967808,81.68327,75.931204,88.867583,85.328411,88.153541,84.350104,69.341086,78.496801,58.50305225,41.33604004,52.497616,86.6696,83.800801,83.604419,81.217855,79.281115
2002/2/1,84.806805,83.718336,62.054895,86.617748,82.519568,84.220336,81.488611,85.611654,100.509756,41.45159786,77.135514,92.760952,41.429157,82.582685,76.008764,89.082479,85.580104,88.493902,84.49006,69.296539,78.606672,58.71367968,41.74794562,53.284708,87.1391,84.31597,84.126294,81.538874,79.349529
2002/3/1,85.132567,84.12247,62.481353,86.997836,82.855013,84.435404,81.681104,85.731391,100.720689,43.09120791,77.57431,92.77591,41.890506,81.519739,75.931204,89.846184,85.50002,88.720809,84.716142,69.65087,78.716543,59.06590269,41.58209583,53.272313,87.9143,84.917001,84.856919,81.997473,80.005169
2002/4/1,85.241155,85.416837,62.634036,87.325133,83.190458,84.650471,82.066089,86.090601,101.037089,47.5677984,78.013106,93.57646,42.351856,81.274444,75.853644,90.236302,85.591545,88.607356,84.737673,70.031356,79.168235,59.53853009,42.57518437,53.146296,88.3292,85.432169,85.587545,82.456072,81.091821
2002/5/1,85.45833,86.226243,62.828838,87.430713,83.414089,84.865538,81.873596,86.44981,101.353489,49.47562123,78.304865,93.666307,43.090014,81.029149,75.853644,90.467728,85.85811,88.720809,84.866863,70.173307,79.290314,59.66342959,42.51816535,53.569797,88.3511,85.603892,86.10942,82.456072,81.383723
2002/6/1,85.45833,87.357818,63.560661,87.420155,83.414089,84.930058,81.552775,86.44981,101.248023,51.26763966,78.231925,93.543395,43.305311,80.293264,75.698524,90.335485,85.804339,88.720809,84.630015,70.515513,79.058364,59.91387074,43.62235469,53.763988,88.0563,85.775615,86.213795,82.501932,81.387144
2002/7/1,85.349742,87.924744,63.908145,87.420155,83.190458,85.080605,81.16779,86.330074,100.826156,52.9023866,78.013106,93.050371,43.612877,79.720909,75.931204,90.014795,85.830653,88.834263,84.909926,70.717949,79.058364,60.62698585,43.34525386,54.204016,87.9362,86.290784,85.796295,82.593652,80.822724
2002/8/1,85.02398,87.600298,64.487285,87.620757,83.414089,85.220399,80.846968,86.569547,101.142556,54.14134206,78.524842,93.019569,43.643633,79.966204,76.086324,90.067692,85.770018,88.720809,84.877629,70.986864,79.058364,61.02094903,43.25384164,54.358955,88.231,86.63423,86.31817,82.868811,81.054193
2002/9/1,85.566917,87.924744,64.603113,87.779127,83.637719,85.360193,81.103625,86.44981,101.142556,54.87266291,78.964796,93.160588,43.828173,80.783854,76.163884,90.752052,85.66362,88.720809,85.114476,71.413805,79.400185,61.46018427,45.90520565,54.648175,89.1918,86.63423,86.73567,83.006391,81.357498
2002/10/1,85.892679,88.490531,64.6426,87.916381,83.749534,85.57526,81.360282,86.80902,100.931622,54.99259717,78.743661,93.704588,44.289522,80.947384,76.163884,91.046293,85.638451,88.607356,85.017584,71.728493,79.742006,62.26544889,48.86381552,54.941527,88.9734,86.891815,87.15317,83.14397,82.16365
2002/11/1,86.218442,87.76309,64.758428,87.916381,83.749534,85.865601,81.296118,86.569547,100.931622,55.27258425,78.817759,93.53198,45.027681,80.865619,76.241444,90.824786,85.829509,88.266994,84.952989,72.308691,79.510056,64.14600505,50.94422141,55.95793,88.7114,87.149399,87.257545,83.14397,82.290217
2002/12/1,86.869967,87.519471,64.526772,88.064193,84.08498,85.930121,81.360282,86.928757,100.931622,55.37608338,79.1813,93.474608,45.704326,81.110914,76.319004,90.940499,85.826077,89.06117,84.996053,72.62338,79.510056,65.49292892,51.23569341,56.6314,88.4057,86.805953,87.883796,82.960531,82.563875
2003/1/1,88.933128,87.683402,64.758428,88.23312,83.525904,86.295735,81.681104,87.16823,100.615222,56.10664569,79.695351,93.549398,46.811564,82.01033,76.319004,91.23474,86.073193,89.06117,85.372856,72.916953,80.193699,66.96667874,53.12219731,57.085889,88.7114,87.578706,87.570671,83.32741,82.224083
2003/2/1,89.041716,88.028339,65.374423,88.845484,83.861349,86.435529,81.745268,87.048493,100.298822,56.42422284,80.13299,93.64141,47.58048,82.746215,76.241444,92.041425,85.915313,89.628439,85.964975,73.119525,80.083828,68.01821049,53.94058296,57.197446,89.2573,88.265598,88.405671,83.969448,82.39854
2003/3/1,88.390191,88.201376,66.224706,89.204455,84.196795,86.72587,82.001925,87.407703,100.615222,56.75359957,81.083522,94.018313,48.072586,82.17386,76.241444,92.514196,86.155565,89.628439,86.201823,73.581067,80.083828,68.85494079,55,57.065231,90.1089,88.523183,89.031921,84.473907,82.969802
2003/4/1,87.738666,88.028339,66.803847,89.07776,84.420425,86.940937,82.194418,87.287966,100.931622,56.78495273,80.937642,94.205091,48.564691,82.01033,76.163884,92.186893,86.330606,89.401532,85.986507,73.70667,80.425649,69.52278385,55.54372197,57.151997,90.1963,87.922152,89.240671,84.290467,83.644826
2003/5/1,87.195729,87.596883,66.919675,88.97218,84.420425,87.156004,82.194418,87.287966,101.142556,56.56716628,80.791763,94.054133,48.933771,81.437974,76.241444,92.077792,85.782602,89.174624,85.749659,73.468951,80.755262,69.94692841,56.07623318,57.271817,90.1307,88.008014,89.136296,84.152888,83.567289
2003/6/1,86.978554,87.078909,66.956529,89.141108,84.30861,87.220525,82.130253,87.407703,100.826156,56.51870373,80.571786,94.056101,49.333607,80.456794,76.319004,91.823224,85.526333,89.514985,85.997273,73.529573,80.425649,69.84193578,56.12107623,57.325529,89.7159,88.008014,89.240671,84.244607,83.623161
2003/7/1,86.652792,86.474415,66.919675,89.046086,84.196795,87.371072,81.809432,87.407703,100.615222,56.76969757,80.500004,93.302099,49.671929,80.129734,76.784364,91.505839,86.060608,89.628439,86.15876,73.636104,80.425649,69.98160488,56.01457399,57.344122,89.7923,88.093875,88.614421,84.336327,83.098649
2003/8/1,86.869967,86.646315,67.035503,89.257245,84.53224,87.586139,81.488611,87.647176,100.826156,56.78351993,80.864703,93.519285,49.48739,80.620324,76.629244,91.479391,86.161285,89.628439,86.395608,73.857067,80.877341,70.21952397,56.10426009,57.827533,90.0762,88.35146,89.136296,84.657346,83.480631
2003/9/1,87.304316,86.214859,67.767326,89.595101,84.867685,87.725933,81.873596,87.766913,100.931622,56.8060234,81.596416,93.654695,49.641173,81.601504,76.784364,92.143914,86.25281,89.628439,86.643221,74.296677,80.755262,70.76728372,56.86098655,58.036185,90.9605,88.523183,89.240671,84.932506,83.729204
2003/10/1,87.304316,86.214859,67.959495,89.785145,84.979501,87.790453,82.38691,87.647176,100.931622,57.14087851,81.668198,94.129809,50.133279,82.33739,76.629244,92.20673,86.193319,89.628439,86.36331,74.569134,80.877341,70.97245282,57.38789238,58.356393,90.7094,88.265598,89.240671,84.840786,84.293624
2003/11/1,87.412904,86.041821,68.270125,89.890725,84.867685,88.00552,82.643568,87.766913,100.404289,57.28179915,81.522318,94.011424,50.625384,83.15504,76.629244,92.014977,86.311157,89.401532,86.524797,75.188021,80.987212,71.21390376,58.11659193,58.943097,90.4801,88.523183,89.240671,84.611487,84.568423
2003/12/1,87.412904,85.868784,68.230638,89.985747,85.203131,88.080794,82.83606,87.886649,100.509756,57.40341907,81.889332,94.029728,51.179003,83.64563,76.629244,92.097629,86.465605,90.082254,86.470968,75.511292,80.987212,71.58410716,58.3632287,59.494681,89.9015,88.609044,89.553797,84.519767,84.713234
2004/1/1,87.304316,85.696884,68.965094,89.985747,84.75587,88.220587,83.156882,88.126123,100.298822,57.64472039,82.401068,93.710591,52.070945,84.626811,76.396564,91.895957,86.652086,90.082254,86.729348,75.9806,81.329033,72.12801396,58.75,59.830534,89.9124,88.694906,89.136296,84.932506,84.119167
2004/2/1,87.412904,85.868784,69.388919,90.365834,84.979501,88.435655,83.221046,88.365596,100.298822,57.70270688,82.765767,93.726336,52.593808,84.463281,76.551684,91.67445,87.649705,90.309161,87.052322,76.435059,81.890597,72.56789137,59.05269058,59.8197,90.3164,88.866629,89.866922,85.391105,84.157935
2004/3/1,87.847254,85.782265,69.388919,90.724806,85.091316,88.725995,83.477703,88.724805,100.509756,58.04506314,83.569262,93.927088,52.993644,84.708576,76.474124,92.365422,87.006744,90.649523,87.170746,76.694166,82.122547,72.90887663,59.61883408,60.036379,91.1025,89.210074,90.284422,85.941423,84.74516
2004/4/1,87.955841,86.732833,69.812745,90.957082,85.426761,88.941063,84.119346,88.724805,100.509756,58.54308952,83.569262,94.719372,53.516506,85.117401,76.629244,92.385258,87.593646,90.87643,87.644441,76.809824,82.464368,73.17858248,59.91591928,60.621413,91.3973,89.381797,90.493172,86.216582,85.905928
2004/5/1,88.064429,87.078909,70.170759,91.294937,85.650391,89.15613,84.953481,89.203752,100.615222,58.97082414,83.49748,94.938232,53.916342,85.035636,76.551684,92.613378,87.803008,91.103337,87.978181,76.617196,82.793982,73.55167558,60.17376682,61.157694,91.5501,90.154551,90.701922,86.721041,86.412196
2004/6/1,88.064429,87.078909,70.315544,91.326611,85.650391,89.295924,85.723452,89.443225,100.826156,59.30458357,83.49748,95.102081,54.316178,84.463281,76.474124,92.210036,87.116574,91.103337,87.935118,76.739938,83.025932,74.07374906,60.09529148,61.450211,90.9605,90.240412,91.223798,86.996201,86.549025
2004/7/1,87.955841,86.905871,71.031572,91.1788,85.426761,89.371197,85.659288,89.203752,100.509756,59.57791232,84.009216,94.106782,54.83904,84.217986,76.939484,92.07118,87.815593,91.216791,88.236561,76.941148,83.135803,74.74769261,60.38116592,61.688558,90.8295,90.154551,90.910672,86.858621,85.892245
2004/8/1,87.738666,87.078909,72.031905,91.379401,85.650391,89.586264,85.338466,89.562961,100.615222,59.78255068,84.738613,94.455442,55.054337,84.872106,76.939484,91.962079,87.702331,91.330245,88.344219,77.416041,83.367753,75.26334451,60.84080717,61.742728,91.1352,89.982828,91.536923,86.904481,86.271946
2004/9/1,88.281603,86.905871,71.960829,91.463865,85.762206,89.586264,85.595124,89.562961,100.931622,60.15878858,84.738613,94.460952,55.30039,85.771521,76.784364,92.633215,87.881948,91.103337,88.408814,78.05618,83.587495,75.5118592,61.41816144,61.753561,91.9323,90.154551,91.536923,87.08792,86.425879
2004/10/1,88.498778,86.905871,72.105614,91.696141,85.985837,89.586264,86.108438,90.041908,101.458956,60.39688716,84.738613,95.346527,55.915522,85.771521,76.939484,92.90762,87.849915,91.216791,88.839446,78.596735,83.587495,75.84417534,62.7970852,62.100248,91.965,90.326274,91.641298,87.546519,87.314128
2004/11/1,88.498778,86.819352,72.676857,91.748931,86.097652,89.650785,86.365095,90.041908,101.248023,60.39823568,84.228035,95.438046,56.561411,85.526226,77.094604,92.37534,87.82589,91.103337,88.731788,79.267253,83.367753,76.36753313,63.62107623,62.65278,91.6921,90.66972,91.850048,87.592379,87.533055
2004/12/1,88.390191,86.905871,71.960829,91.854511,86.544912,89.865852,86.429259,90.520854,100.720689,60.90317324,84.375072,95.281873,57.176543,85.607991,77.094604,92.355503,87.599366,92.124421,88.441111,79.431,83.367753,77.02413844,63.82286996,63.302818,90.895,90.497997,91.954423,87.27136,87.447537
2005/1/1,88.173016,86.387896,72.318843,91.347727,86.097652,89.865852,86.493423,90.640591,100.509756,61.80811642,85.205196,94.839725,58.683617,86.098581,77.017044,91.872815,86.991871,91.443699,88.688725,79.433861,83.367753,77.47075849,64.17600897,64.207453,91.2553,90.412135,91.119422,87.454799,86.71094
2005/2/1,88.281603,86.559796,72.389919,91.907301,86.321282,90.156193,86.429259,90.760327,100.193356,62.3927854,85.550213,95.048154,59.421776,87.652117,76.939484,92.305912,87.6314,91.78406,89.280844,79.698417,83.819445,77.92797413,64.18721973,64.099113,91.8231,90.755581,91.954423,87.959258,86.935568
2005/3/1,88.715953,86.387896,72.676857,92.48799,86.656728,90.446533,86.493423,91.239274,100.509756,63.35723216,86.06658,95.280692,60.190691,86.916232,76.629244,92.487747,87.375131,92.237875,89.851432,80.057652,84.72283,78.40317015,64.35538117,65.323351,92.6747,91.27075,92.163173,88.647156,87.623134
2005/4/1,89.150303,86.99239,73.608747,92.667476,86.992173,90.586327,86.814244,90.9998,100.615222,63.66789813,86.153413,96.060576,60.867336,86.589172,76.784364,92.623296,87.912838,91.897513,90.055982,80.342779,85.296601,79.08514067,64.81502242,65.545447,92.8385,91.528334,92.580673,89.243335,88.885384
2005/5/1,89.476066,87.251946,73.392885,92.730824,87.327618,90.876668,87.070902,91.239274,100.720689,64.05037295,86.06658,95.965219,61.359442,86.425642,76.784364,92.686112,87.772119,92.124421,90.195938,80.141024,85.858165,79.4726823,65.40919283,65.680871,92.7839,91.614196,92.893798,89.151615,89.05528
2005/6/1,89.476066,87.337327,73.679823,92.836404,87.327618,90.876668,86.878409,91.478747,100.298822,64.63698043,85.807238,95.749508,61.759278,85.771521,76.939484,92.719173,86.971278,92.237875,90.465083,80.064055,86.077907,79.45662838,65.4764574,66.011307,92.4782,91.785919,93.206924,89.197475,89.262804
2005/7/1,89.258891,88.287895,74.466928,92.69915,87.439433,91.231529,86.685916,91.239274,100.193356,65.28604138,86.153413,95.22578,62.036088,85.771521,77.172164,92.37534,87.883093,92.69169,91.003373,80.377381,87.445192,79.6553759,65.10089686,66.52592,92.3362,91.957642,93.102548,89.610214,88.716628
2005/8/1,89.367478,88.460933,74.538004,93.058122,87.663064,91.371323,86.621752,91.35901,100.298822,65.57125399,86.411596,95.362961,61.974575,85.935051,77.249724,92.553869,88.298386,92.805143,91.100266,80.473422,88.006755,79.79087098,65.6558296,66.888858,92.7621,92.301088,93.520049,90.068813,89.106591
2005/9/1,90.019003,88.547452,75.040803,93.417093,87.886694,91.371323,86.942573,91.71822,100.615222,66.33384371,86.842288,95.780211,62.128358,86.507407,77.327284,93.188637,88.423088,92.918597,91.197158,80.795875,88.580526,80.07020918,66.32847534,67.349301,93.6028,93.073841,94.355049,91.16945,89.653908
2005/10/1,90.12759,89.238464,75.327741,93.395977,87.998509,91.58639,87.263394,91.837956,100.615222,66.85218222,86.66978,96.617664,62.46668,86.916232,77.715083,93.353941,88.783466,92.918597,91.035671,80.994224,88.91014,80.67062577,67.51681614,73.210472,93.5263,92.644533,94.355049,91.35289,90.382523
2005/11/1,90.12759,89.151945,75.469893,93.205934,87.998509,91.661663,87.070902,91.598483,100.193356,67.65868322,86.324763,96.346156,62.92803,86.589172,77.947763,93.129127,88.674781,92.69169,91.003373,81.577147,88.238705,81.11435612,68.46412556,74.169278,93.2861,92.472811,94.250674,90.619131,90.519352
2005/12/1,90.019003,88.978907,74.969727,93.322071,88.222139,91.661663,86.878409,91.957693,100.298822,68.41191757,86.584105,96.240761,63.420135,86.997997,78.025323,93.172107,88.703382,93.372412,90.992607,82.078196,88.116626,81.40621638,68.75,74.136776,92.7839,92.386949,94.146299,90.252252,90.714334
2006/1/1,89.801828,88.720489,75.327741,93.22705,87.774879,91.876731,87.070902,91.837956,100.404289,69.28474905,87.100472,96.063922,64.988723,88.060942,78.180443,92.434849,88.498596,93.032051,91.014139,82.559492,88.348576,81.88654966,69.26569507,75.144334,92.4563,92.902118,93.833174,90.940151,90.346035
2006/2/1,90.56194,89.238464,75.469893,93.586021,88.110324,92.091798,87.070902,91.957693,100.087889,69.55934203,87.274138,96.363279,66.065204,88.551532,78.180443,92.867947,88.674781,93.485866,91.412474,82.685912,88.458447,82.22239767,69.41704036,75.583109,92.8167,92.730395,94.876924,91.12359,90.389365
2006/3/1,90.779115,89.49802,75.54097,93.849971,88.222139,92.306865,87.006737,92.197166,100.298822,70.39778617,87.790505,96.261033,66.588066,87.733882,78.568243,93.525858,88.380758,93.485866,91.380177,82.789582,89.483911,82.57590499,69.60762332,75.604777,93.5482,93.245564,95.294425,91.628049,91.029041
2006/4/1,91.539227,90.274413,77.044102,94.251175,88.781215,92.586453,87.584216,92.676113,100.509756,71.08241442,87.877338,97.078017,66.834119,87.905589,78.645803,93.998628,88.862406,93.826227,91.821575,82.910962,90.497167,82.74928732,70.53811659,75.642696,93.974,93.760733,96.129425,92.407667,92.312955
2006/5/1,91.539227,90.274413,77.689054,94.652378,89.340291,92.876793,88.033365,92.795849,100.826156,71.41507817,88.048688,97.272177,67.141685,87.815647,78.490683,94.144096,88.728551,93.826227,92.166081,82.541918,91.180809,82.83212554,71.86098655,75.924379,94.0613,94.19004,96.546925,92.866266,92.645906
2006/6/1,91.43064,90.360931,78.549868,94.652378,89.563921,92.952067,87.776708,92.915586,100.826156,71.76089003,87.877338,97.245311,67.356982,87.382292,78.568243,94.117647,88.171395,94.053134,92.155315,82.613166,91.180809,82.65810104,72.10201794,76.265648,93.7229,94.018317,96.755675,93.049705,92.786156
2006/7/1,91.104877,90.44745,79.192187,94.494008,89.452106,93.231654,87.776708,92.795849,100.509756,72.20371125,88.221197,96.582533,67.787574,87.120644,78.878483,93.955649,88.837237,94.393495,92.467523,82.839714,91.412759,82.81510837,72.71300448,76.606918,93.5482,94.104179,97.068801,93.324865,92.234278
2006/8/1,91.104877,90.44745,79.694986,94.810748,89.899366,93.382201,88.033365,93.035322,101.248023,72.6098695,88.737564,96.74776,67.910601,87.382292,78.956043,94.018464,88.886431,94.166588,92.585947,83.262432,91.412759,82.85652748,72.39349776,76.856099,94.0395,94.275902,97.695051,93.508304,92.422418
2006/9/1,92.407927,89.669919,80.195153,94.599588,90.011182,93.306928,88.225858,92.795849,101.248023,73.26289174,88.995747,96.540611,67.972114,87.815647,79.266283,94.567275,88.809779,93.826227,92.316802,84.102963,91.070938,83.03055198,73.32399103,77.148616,94.3998,93.760733,98.112551,93.049705,92.270766
2006/10/1,92.516514,89.065426,80.553167,94.388428,90.122997,93.231654,88.290022,92.915586,101.037089,73.88995491,88.565055,96.867719,68.18741,87.905589,79.731643,94.577193,89.156429,93.93968,92.133783,84.470644,91.52263,83.30443186,74.2544843,77.814904,94.1596,93.58901,98.008176,92.545247,92.649327
2006/11/1,92.407927,88.892388,80.482091,94.494008,90.346627,93.306928,88.290022,92.915586,100.509756,74.41284468,88.135521,96.825601,68.618003,88.167237,80.119442,94.696212,89.156429,93.93968,92.359865,84.913932,91.412759,83.56257889,75.21300448,78.080336,94.0068,93.760733,98.425676,92.407667,92.878516
2006/12/1,91.973577,88.892388,80.266229,94.715726,90.905703,93.382201,88.09753,93.155059,100.615222,75.14298557,88.393705,96.838492,69.140865,89.401889,80.274562,94.696212,89.420706,94.733856,92.489055,85.405037,91.412759,83.96360581,75.3867713,79.028308,93.6683,93.932456,98.843176,92.545247,93.13279
2007/1/1,90.887702,88.773994,80.411014,94.388428,90.122997,93.446722,88.418351,93.274795,100.404289,76.00283752,88.565055,96.162035,70.309617,90.03148,80.972602,94.226748,87.982626,94.733856,92.532118,85.846145,91.070938,84.33316704,76.14349776,79.851689,93.7775,93.932456,98.634426,92.827743,92.506796
2007/2/1,91.213465,88.504192,80.482091,94.567914,90.570257,93.737062,88.675008,93.394532,99.876956,76.23225498,89.168255,96.352258,71.078532,90.930895,80.507242,94.702824,88.640459,95.074218,93.027345,86.086044,90.729117,84.70433366,76.46860987,80.344634,94.2033,94.619347,99.469427,93.324406,92.56951
2007/3/1,91.756402,88.68406,80.697952,94.969118,91.017518,93.876856,89.124158,93.873478,100.193356,76.81650255,89.68578,96.427245,71.509124,90.652894,80.817482,95.324368,88.5844,95.301125,93.038111,86.272405,91.29068,85.01770617,77.16928251,80.534228,95.2296,95.392101,100.200052,94.17419,93.2719
2007/4/1,91.756402,89.132592,81.914147,95.433669,91.241148,94.01665,89.573308,94.352425,100.509756,77.388192,90.029639,97.518787,71.90896,90.562952,80.895042,95.807057,89.265114,95.75494,93.457977,86.22091,92.084194,85.23026007,78.09977578,80.40422,95.6882,95.821408,100.930678,94.78596,94.560374
2007/5/1,91.86499,89.132592,82.056299,95.665945,91.464778,94.306991,90.022457,94.711634,100.826156,77.71124752,90.116472,97.746897,72.37031,90.840953,80.817482,95.704568,89.850872,95.75494,93.350319,85.800236,92.877707,85.46882132,78.49215247,80.485475,95.7537,96.250716,101.348178,95.365171,94.82035
2007/6/1,91.756402,89.759853,82.201085,95.782083,91.688408,94.522058,90.022457,94.711634,100.615222,78.05461518,90.116472,97.858787,73.046955,91.20072,80.972602,95.859954,89.675831,95.868394,93.339554,85.903361,92.877707,85.70802472,78.30156951,80.669652,95.3606,96.078993,101.556928,95.549986,94.994807
2007/7/1,91.539227,90.746851,82.772328,95.539249,91.129333,94.737125,89.7658,94.711634,100.509756,78.44206268,90.461489,97.27818,73.692844,92.01837,81.903322,95.707874,91.476578,96.322209,93.737888,86.268182,92.877707,85.91383597,77.72982063,81.249269,94.913,96.164854,101.870053,95.52568,94.302679
2007/8/1,91.43064,91.374112,82.988189,95.929895,91.464778,94.876919,89.380815,94.591898,101.037089,78.90258326,90.547164,97.16934,73.754357,93.122198,82.446241,95.681426,91.952506,96.208755,93.619465,86.619652,92.316144,86.31775258,77.74663677,81.855971,95.0767,95.90727,102.287553,95.350496,94.432667
2007/9/1,92.082165,90.925581,83.059265,96.035475,91.576593,94.876919,90.086622,94.711634,101.037089,79.53495624,91.064689,97.261844,74.338733,93.408375,83.144281,96.636884,91.482299,96.322209,93.705591,87.292213,92.877707,86.47315453,78.54820628,82.511425,95.6336,96.078993,102.600678,95.613273,94.742813
2007/10/1,92.299339,91.015515,83.275127,96.278309,92.023854,95.16726,90.599936,95.430054,101.248023,80.07798958,91.236039,98.092408,75.568997,93.686377,83.997441,97.149328,92.777372,96.549116,94.200818,87.632376,93.671221,86.73258588,79.97197309,83.16688,95.6773,95.821408,102.809429,95.817808,95.970855
2007/11/1,93.819564,91.374112,83.562065,96.806208,92.247484,95.522121,91.241578,95.789264,101.142556,80.7612693,91.236039,98.539673,76.491696,94.340497,84.92816,97.777484,93.487832,97.116385,95.083614,88.250582,94.122913,87.06201231,81.53026906,83.318555,95.8192,96.078993,103.331304,96.386929,96.658422
2007/12/1,94.579676,91.91144,83.488356,97.16518,92.80656,95.812461,91.498235,96.507683,101.248023,81.51037379,91.581056,98.779198,77.352881,95.280795,85.47108,97.965931,92.836863,97.683653,95.341994,88.615538,94.122913,87.70641664,81.70964126,84.234025,95.4152,96.164854,103.435679,96.322267,97.063208
2008/1/1,94.145326,91.91144,83.991155,97.049042,92.135669,96.242596,92.139878,96.26821,101.142556,82.2691708,92.01059,98.495193,79.136764,96.425505,86.634479,97.238592,93.815033,97.343292,95.729563,89.026268,95.026298,88.18000727,82.36547085,85.729111,95.6773,95.993131,102.913804,96.801044,96.4623
2008/2/1,94.688264,91.73271,85.065197,97.260202,92.80656,96.457663,92.524864,96.387947,100.931622,82.65324699,92.356764,98.630602,80.090219,98.935692,87.487639,97.641934,94.451129,97.797107,96.418575,89.290824,95.600069,88.61217879,83.43049327,86.28706,96.3214,96.336577,104.270679,97.082165,96.612812
2008/3/1,94.688264,92.001374,86.926344,97.988703,93.25382,96.952318,92.909849,97.106366,101.353489,83.58844765,93.218148,98.964107,81.043674,98.240689,88.573478,98.574251,94.535789,98.250922,97.118352,89.938047,96.161633,89.03760767,84.23206278,87.110441,97.2713,96.680023,105.210055,97.923694,97.470275
2008/4/1,94.688264,93.346969,88.429476,98.316001,93.924711,97.167385,93.294835,97.465576,101.248023,84.28268412,93.735673,99.746058,82.212426,98.338807,89.349078,99.007348,96.024208,98.024014,97.344434,90.142662,97.74866,89.52725222,85.64461883,87.608803,97.6316,97.452776,105.31443,98.517579,98.519299
2008/5/1,94.688264,93.97423,88.787491,98.8439,94.595602,97.672793,94.064806,98.183995,102.091756,84.75466715,94.509065,100.538046,83.319664,97.946335,89.193958,99.397466,96.61683,98.591283,98.216465,90.045259,100.019329,90.23458793,86.92264574,88.843874,97.981,98.397252,106.045055,99.347185,99.184061
2008/6/1,94.905438,94.064164,91.151436,99.202872,95.266493,98.102928,94.257299,98.423468,102.619089,85.29407633,95.112265,100.708095,84.119336,97.750099,89.581758,99.870236,96.439501,98.931644,98.754755,90.41798,100.922714,90.90243098,86.60874439,90.993056,97.8063,99.084144,106.566931,100.348306,99.755323
2008/7/1,95.448376,95.139957,92.080694,98.991712,95.154678,98.597582,94.257299,98.303732,102.830023,85.60592226,95.802299,100.269195,84.549928,97.848217,90.977837,99.665259,97.492034,99.498913,99.271514,90.92189,101.374406,91.38404858,87.10762332,92.241235,97.9592,99.42759,106.35818,100.875236,99.276421
2008/8/1,95.556963,95.947087,92.296555,98.960038,95.825568,98.748129,93.872313,98.064259,103.146423,86.01047915,95.62979,100.008119,84.826738,97.750099,91.443197,99.837175,97.867285,99.158552,98.668628,91.446916,98.432302,91.63994806,86.89461883,92.712401,98.1448,99.255867,106.775681,100.472586,99.063195
2008/9/1,96.9686,95.947087,92.009617,98.89669,96.272829,98.457789,94.12897,98.303732,103.146423,86.4487491,95.716623,100.108889,85.53414,97.750099,91.753437,100.862062,97.657923,99.158552,98.830116,92.070026,98.542173,91.87818823,87.28699552,93.613405,98.5706,99.341729,107.088806,100.333631,99.042671
2008/10/1,97.294363,96.037021,92.080694,98.8439,96.049199,98.457789,94.513956,98.303732,103.040956,86.81959291,95.62979,100.640883,86.303055,97.455745,93.149516,101.020754,98.736769,98.931644,98.647097,92.697495,97.296967,92.29173719,89.55717489,94.034975,98.3413,98.311391,106.880056,99.320127,99.383603
2008/11/1,96.751425,95.498555,90.722346,98.379349,95.937384,98.102928,94.706449,97.944522,102.091756,87.11458231,95.371607,99.970527,87.010457,96.678977,92.994396,100.194233,98.66927,98.477829,98.065743,93.751088,96.161633,92.62405333,90.30269058,94.1507,97.981,97.967945,105.94068,97.417859,98.961713
2008/12/1,96.642838,95.408621,89.003352,98.136515,95.601938,97.952381,94.642284,97.824785,101.669889,87.4095717,95.371607,99.471598,87.62559,96.482741,93.149516,98.848656,97.818091,98.704737,97.850427,94.40049,94.574606,92.88348468,89.93273543,94.117636,97.2713,97.281053,104.583804,96.410318,98.454305
2009/1/1,96.317075,94.903169,88.932276,97.735311,94.931047,97.812587,95.091434,97.465576,101.142556,87.87312647,95.45844,98.632177,89.717039,97.34945,93.459756,98.48168,97.824955,98.250922,97.947319,94.619137,94.574606,93.32914149,90.19058296,94.060301,97.5225,97.023469,102.913804,96.829935,97.241086
2009/2/1,97.077188,94.808681,88.000386,98.104841,95.713753,98.027654,95.925569,97.705049,100.826156,88.25239854,96.147315,98.864813,91.193357,97.34945,93.537316,98.504823,97.514916,98.81819,98.281059,94.828112,95.490198,93.84254585,89.882287,94.257469,98.2103,97.710361,102.496303,97.311464,97.251349
2009/3/1,97.077188,95.279981,88.216248,98.284327,95.937384,98.102928,96.567212,97.944522,101.142556,88.81709253,96.83619,98.544397,92.362108,97.063273,93.847556,98.78584,96.960048,98.704737,97.721237,95.373708,95.94189,94.03005563,90.87443946,94.465591,99.193,97.882084,102.391928,97.548101,97.410983
2009/4/1,97.40295,96.222581,89.216581,98.442697,96.161014,98.317995,97.273019,98.064259,101.248023,89.11208192,97.093216,99.413143,93.007997,96.867036,94.002676,98.93792,96.336536,98.704737,97.925788,95.707468,96.845275,94.48149185,90.89125561,94.169839,99.4113,97.796222,101.661303,97.791617,98.361946
2009/5/1,97.620125,96.599393,89.861533,98.590508,96.608274,98.533062,97.786333,98.423468,101.037089,89.40707132,97.093216,99.571679,93.561616,96.572682,94.080236,98.683351,96.851362,98.704737,97.850427,95.428744,96.613325,94.92554326,91.47421525,94.2027,99.5423,98.483114,101.139428,98.074114,98.327738
2009/6/1,98.163062,97.447505,90.506485,98.717204,96.94372,98.597582,97.978826,98.303732,100.826156,89.7863434,97.007541,99.750388,94.115235,96.090269,94.235356,98.92139,96.424629,99.045098,97.667408,95.604479,96.955146,95.26717067,91.57511211,94.312238,99.193,98.82656,100.826303,98.91656,98.761031
2009/7/1,97.620125,98.484593,91.509451,98.273769,96.94372,98.597582,98.107154,97.944522,100.509756,90.34260911,97.352558,99.088397,94.69961,96.090269,94.778275,98.46515,97.24835,99.045098,97.602813,95.864812,96.955146,95.49577849,91.80493274,94.739436,98.1448,98.483114,100.095677,98.759719,97.917251
2009/8/1,97.40295,98.955892,92.583493,98.780552,97.279165,98.887923,97.722169,98.303732,100.826156,91.092725,97.697574,99.198023,94.69961,96.572682,95.166075,98.670127,97.596144,99.272005,97.904256,96.094221,97.296967,95.63897946,91.53026906,95.265219,98.4178,98.483114,100.408802,98.981223,98.259324
2009/9/1,98.163062,98.67243,93.012583,98.537718,97.39098,98.672856,97.722169,98.423468,100.826156,91.76698647,97.784407,99.185427,94.668854,96.956978,95.786555,98.974287,97.25407,98.81819,97.645877,96.576198,97.528917,95.86855051,91.88901345,96.262015,98.9418,98.483114,100.095677,99.043134,98.027854
2009/10/1,97.945887,98.861405,93.441674,98.63274,97.502795,98.748129,97.850497,98.543205,100.404289,92.50024582,97.525066,99.801855,94.668854,96.867036,96.383767,99.222243,97.840972,98.931644,97.68894,96.868409,97.638789,96.13697204,94.10313901,96.44823,99.0292,98.397252,99.886927,99.138522,98.726823
2009/11/1,98.27165,99.143729,94.802654,98.769994,97.838241,98.748129,98.171319,98.662942,100.193356,93.26721825,97.697574,99.99444,94.945663,97.153214,96.694007,99.199101,97.892455,98.81819,97.947319,97.37082,97.98061,96.53125631,95.2970852,96.415368,98.9309,98.912421,99.886927,99.208688,99.261597
2009/12/1,98.597412,99.143729,95.160668,99.033944,98.397316,98.963197,98.171319,98.782678,99.982422,94.1353299,98.042591,99.752848,95.345499,98.126218,97.105074,99.417302,97.302121,99.612366,98.108806,97.773921,97.858531,96.88829549,95.80156951,96.733028,98.3522,98.568975,99.365052,99.033962,99.236512
2010/1/1,98.705999,98.484593,96.521648,98.812226,98.173686,99.10299,98.748797,98.662942,100.087889,95.11300903,98.817141,99.641942,96.914087,98.714926,97.337754,98.789146,98.025165,99.045098,98.550205,98.836641,98.456718,97.6148959,97.57286996,97.554564,98.3195,98.82656,98.843176,99.372407,98.24108
2010/2/1,99.900461,98.20113,96.521648,99.361242,98.620947,99.167511,98.94129,98.662942,100.087889,96.30139488,99.016278,99.786996,97.713758,99.900519,97.803114,99.384242,98.443891,99.385459,98.970071,99.408393,98.993866,98.37617278,98.98542601,97.839362,99.0183,99.255867,99.260677,99.397172,98.062062
2010/3/1,100.443399,98.295617,97.237676,99.846909,99.180022,99.457851,99.262111,99.860307,100.298822,97.39706977,99.216573,99.923783,98.359647,99.19734,98.268474,99.62228,98.520543,99.952728,99.336109,100.114057,99.225816,98.88765066,99.56278027,97.707917,100.1974,99.255867,99.260677,99.805325,98.789537
2010/4/1,100.660574,99.143729,99.027746,100.100301,99.739098,99.812712,99.647097,100.09978,100.298822,98.20618354,99.616005,100.777768,98.636457,99.401752,98.578714,99.635504,99.419772,99.952728,99.680614,99.795146,99.72634,99.45146431,100.1569507,97.850316,100.5359,99.599313,99.573802,99.978675,99.841981
2010/5/1,100.117636,99.520542,99.38576,100.216439,99.962728,99.887986,99.967918,100.219517,100.298822,98.93944289,99.716731,100.673653,99.128563,99.295458,99.121633,99.820645,99.992945,99.952728,100.078949,99.166314,99.909458,99.87914074,99.79820628,98.135115,100.4922,99.856898,100.095677,100.056178,100.063188
2010/6/1,100.009049,99.804005,99.814851,100.205881,100.074543,99.887986,100.288739,100.219517,100.087889,99.66427397,99.616005,100.235441,99.528399,98.698573,99.431873,99.837175,99.037657,99.952728,100.068183,99.135254,100.178032,99.87914074,99.23766816,99.088096,100.0118,99.771036,99.991302,99.958497,100.242207
2010/7/1,99.466112,100.275304,100.459802,99.920815,99.850913,100.242847,100.096246,99.860307,99.560555,100.4649595,99.8163,99.50299,99.897478,99.099222,100.440153,99.529709,100.306417,100.066181,100.111247,99.350496,100.324527,99.88909417,98.76121076,100.643536,99.728,100.286205,99.991302,99.979592,99.792951
2010/8/1,99.248937,100.746604,100.74674,100.153091,100.409989,100.457914,99.711261,99.980044,99.666022,101.2066471,100.317616,99.489213,100.451097,99.68793,100.983073,99.536321,100.76976,100.179635,100.175842,99.626359,100.568685,99.92890789,99.15919283,101.410302,99.8808,100.200343,100.721927,100.117631,100.044945
2010/9/1,99.900461,101.028929,101.317983,100.079185,100.409989,100.242847,100.288739,100.219517,99.876956,101.9399064,101.11648,99.466185,101.281526,100.292991,101.440676,100.376067,100.824675,100.066181,100.48805,100.14866,100.495437,100.3784176,100.3755605,101.859408,100.5032,100.372066,100.513177,100.175873,100.114499
2010/10/1,100.009049,101.311253,101.962935,100.205881,100.633619,100.457914,100.802053,100.698463,100.193356,102.7995898,101.11648,99.995424,101.773631,100.996171,101.952572,100.696758,101.277722,100.179635,100.628005,100.766865,100.507645,101.1313465,102.2141256,101.914177,100.5905,100.801374,100.617552,100.300612,101.028975
2010/11/1,100.226224,101.405741,102.463102,100.322019,100.969064,100.457914,100.930382,100.45899,99.876956,103.5497057,100.617479,100.23554,102.60406,102.099999,102.262812,101.030672,101.612931,100.293089,100.757195,101.574293,100.727387,101.9706454,102.2421525,102.52759,100.4704,100.887235,100.408802,100.342803,101.577432
2010/12/1,101.312098,101.782553,104.54011,100.776012,101.975401,100.823528,101.315367,101.057673,99.666022,104.4178174,101.016911,100.271065,103.711298,102.615118,102.379152,101.741481,101.768523,100.973811,101.15553,102.077522,100.88609,102.6131233,101.9338565,103.469617,100.252,100.887235,100.721927,100.515236,102.201145
2011/1/1,100.660574,101.99202,105.972166,100.533178,102.087216,101.232156,102.534488,101.057673,99.560555,105.1763615,102.217523,99.919453,106.185173,103.637181,103.53056,101.215813,103.428551,100.63345,101.726118,102.574756,101.447654,103.4649443,102.3542601,104.389736,100.1428,101.14482,100.408802,100.994013,101.453145
2011/2/1,101.094924,102.292559,106.043242,101.008288,102.869922,101.53325,102.726981,101.656356,99.560555,105.9517622,102.916818,100.296061,106.985062,104.920892,103.865972,101.834051,103.353043,101.314172,102.318237,102.959602,101.850514,104.2926844,103.0997758,104.521182,100.8962,101.402404,101.348178,101.492051,101.581993
2011/3/1,101.420686,102.49178,107.046208,101.831811,103.093552,101.931125,103.625281,102.853722,99.771489,106.8451587,103.317408,100.92725,107.684964,104.700127,104.08958,102.525023,103.489186,101.881441,102.834996,103.157134,102.351038,105.1165715,103.5313901,104.192568,102.0426,102.518603,102.287553,102.481708,102.341395
2011/4/1,101.963623,103.091719,108.907355,102.180225,104.211703,102.436533,104.138595,103.452405,99.876956,107.7385551,103.418134,101.038648,108.084908,104.847304,104.424992,102.964732,103.850708,101.881441,103.08261,103.148824,103.754947,105.9260102,104.4282511,103.863954,102.5886,102.862049,102.705053,103.141631,103.615046
2011/5/1,101.746448,103.591479,109.123217,102.233015,104.435334,102.533313,104.780237,103.572141,99.876956,108.5308123,103.617271,101.045242,108.684824,104.920892,104.536796,103.156485,104.473076,101.881441,103.427115,102.388532,104.108976,106.4240027,106.956278,103.995399,102.665,103.548941,102.705053,103.626829,103.580839
2011/6/1,101.420686,103.992198,109.623383,102.317479,104.323518,102.630093,104.331088,103.452405,99.771489,109.306213,103.817566,100.800993,108.884796,105.215246,104.872209,102.911835,104.227103,101.994895,103.75009,102.383355,104.243263,106.5835787,105.426009,104.564997,102.1627,102.862049,102.705053,103.515848,103.434888
2011/7/1,101.094924,103.691659,110.41312,101.863485,104.323518,102.931187,104.010266,103.332668,99.771489,110.1743247,104.317724,99.972692,108.884796,105.738543,105.095817,102.862244,105.765861,102.221802,103.868514,102.874596,104.438589,106.7540713,104.9943946,105.26604,102.6759,103.033772,102.600678,103.607568,102.879589
2011/8/1,100.551986,104.191419,110.913287,102.391385,104.882594,103.232282,104.010266,103.452405,99.876956,111.0930059,105.018177,99.68042,108.584838,106.057426,105.319425,102.895305,106.528948,102.335256,103.782387,103.037389,104.890281,107.1489978,105.7567265,106.240929,102.8397,103.291357,102.809429,103.893275,103.007297
2011/9/1,101.420686,103.992198,111.845176,102.317479,105.553485,103.232282,104.138595,103.811614,99.876956,112.0201155,104.917451,99.949271,108.584838,106.588899,105.766641,103.616031,106.329881,102.448709,104.062298,103.290093,104.524044,107.7169854,106.5526906,106.536682,103.2109,103.548941,103.122554,104.051033,103.25929
2011/10/1,101.312098,104.092378,112.41642,102.560313,105.6653,103.83447,104.844402,104.051088,99.982422,112.72809,104.718314,99.882944,109.084768,106.695194,105.990249,103.619337,106.765768,102.562163,104.223785,103.987039,104.731579,108.1803016,110.0392377,106.405236,103.2546,103.720664,103.435679,103.836409,104.073424
2011/11/1,101.312098,103.992198,112.703357,102.845378,105.777115,103.73769,105.550209,104.051088,99.349622,113.3939232,104.817882,99.708564,109.584699,106.482604,106.213857,103.863988,107.360678,102.675617,104.632886,105.111743,104.951321,108.7428309,111.9394619,106.766711,102.9379,103.806525,103.435679,103.748816,104.495314
2011/12/1,101.420686,103.992198,112.632281,103.25714,106.336191,104.135564,105.999358,104.290561,99.455089,114.3463175,105.217314,99.554457,109.984643,106.801488,106.213857,104.068965,107.40072,102.902524,104.675949,105.975569,104.450797,109.2864166,112.5840807,107.380124,102.6759,103.205495,103.122554,103.492918,104.631003
2012/1/1,101.203511,103.992198,113.635247,102.898168,105.777115,104.436658,106.769329,103.811614,99.666022,115.3914228,105.637586,99.130614,110.584559,108.404083,106.213857,103.100282,108.397194,102.789071,105.440322,106.725645,104.865866,109.8983921,113.2174888,108.190706,102.6213,103.634803,102.600678,103.948307,103.480498
2012/2/1,102.289386,103.992198,114.064337,103.320488,106.336191,104.834533,107.218479,104.290561,99.876956,116.2426779,106.038176,99.409896,110.984503,108.297788,106.437466,103.784642,108.103171,103.469793,106.064738,106.942657,105.244311,110.3928528,113.8565022,108.157844,103.3965,104.06411,103.540054,104.405988,103.58768
2012/3/1,102.180798,104.391778,115.280532,104.175685,106.671636,105.329187,107.731793,105.36819,100.298822,117.3299246,106.068278,99.96413,111.684405,108.510377,106.772878,104.075577,108.922317,104.037062,106.29082,107.004096,105.866914,110.6246714,114.3273543,108.234521,104.5757,104.493417,104.583804,105.198906,104.284369
2012/4/1,102.289386,105.292257,117.070602,104.312939,107.342527,105.834595,108.373436,105.847136,100.404289,118.3076037,106.057858,100.038822,111.984363,108.404083,106.996486,104.303697,109.50693,103.923608,106.366181,106.668429,106.318606,111.3326492,116.059417,108.453597,105.0015,104.922725,104.583804,105.516715,105.749582
2012/5/1,102.289386,105.292257,117.35754,104.260149,107.230712,105.834595,108.565929,105.7274,100.087889,119.2684263,106.247733,100.02101,112.58428,108.077023,107.220094,104.217739,109.734598,103.810154,106.333884,106.331671,106.733674,111.7333551,115.8127803,108.51932,104.8486,104.836863,104.583804,105.392893,105.593368
2012/6/1,101.746448,104.991718,117.931416,104.291823,106.783451,106.028156,108.758422,105.847136,99.560555,120.1281097,106.097222,99.738874,113.58414,107.431079,107.779114,103.959864,109.742606,103.6967,106.08627,106.821958,106.916793,111.8226149,114.7757848,109.088917,104.3464,104.407556,104.375054,105.238345,105.396106
2012/7/1,101.312098,105.091898,118.71852,103.837829,106.895266,106.13569,108.245107,105.487927,99.244155,121.080504,105.857563,99.258839,114.983945,107.537373,108.002722,103.556522,109.996587,104.037062,106.280055,107.421637,107.270822,112.3035903,114.5123318,109.713284,105.0343,104.321694,104.270679,105.066829,105.149814
2012/8/1,100.877749,106.191597,119.792562,104.524099,107.454342,106.533564,107.924286,105.847136,99.455089,122.1593224,106.347301,99.228825,115.083931,108.183317,108.338135,103.662316,110.680733,104.490876,106.742984,107.743954,107.710307,112.7640167,115.1513453,110.589588,105.1653,104.579279,104.89693,105.651543,105.7416
2012/9/1,101.963623,106.191597,120.866605,104.270707,107.901603,106.533564,108.052615,106.685292,99.560555,123.2381407,107.107959,99.538122,115.683847,108.510377,108.897155,104.078883,111.314542,104.60433,106.926003,108.218847,108.052128,113.4068157,116.3396861,110.600542,105.602,104.751002,104.792555,106.122982,106.782642
2012/10/1,102.397973,105.992376,120.650743,104.460751,108.460678,106.533564,108.501765,106.924766,99.560555,124.2748177,106.907664,99.661033,116.283763,108.395906,109.567979,104.006149,111.088018,104.60433,107.119788,108.76635,108.198623,114.075943,118.6210762,110.775803,106.2244,104.922725,104.68818,106.081709,107.690276
2012/11/1,102.50656,105.491478,120.866605,104.302381,108.684309,106.32925,108.630093,106.924766,99.244155,125.4379188,106.527914,99.33422,116.683707,108.510377,109.791587,103.751581,111.231025,104.60433,107.001364,109.505255,107.820178,114.7604822,119.0695067,110.819618,105.7876,104.66514,104.270679,105.579084,107.556867
2012/12/1,102.832323,105.691837,120.866605,104.629679,109.131569,106.533564,108.758422,107.164239,99.244155,126.7443004,106.717789,99.121954,117.283623,109.377087,110.015195,104.012761,112.04445,104.944691,107.012129,109.757005,108.235246,115.66709,119.5235426,111.301586,105.6457,104.06411,104.375054,105.294753,107.632123
2013/1/1,102.615148,105.507416,119.639047,104.101779,108.572493,106.737878,108.88675,106.685292,99.349622,128.1855343,107.358038,98.863239,118.38347,110.472738,111.221273,103.149873,112.256101,104.490876,106.979832,110.199204,108.406157,116.661827,121.4910314,112.342197,105.6675,104.149971,103.853179,105.606142,106.25699
2013/2/1,103.266673,105.507416,120.549715,104.397403,109.355199,106.834658,108.88675,106.924766,99.138689,128.8176544,107.716947,99.155314,119.083372,111.682861,111.317236,103.609419,113.384142,105.058145,107.324338,110.74153,108.650315,117.3617979,121.8553812,113.130871,106.4973,105.352032,104.68818,106.471059,106.440569
2013/3/1,103.592435,105.718021,120.777382,105.189252,109.690645,107.028219,109.079243,107.762922,99.349622,129.7531922,107.617379,99.370729,119.483316,110.677151,111.293246,104.025986,112.774359,105.51196,107.475059,111.554134,108.711354,117.9133984,122.6625561,113.667607,107.6328,105.523755,105.10568,106.749428,106.815709
2013/4/1,104.135372,106.138092,121.460383,105.030882,109.914275,107.028219,109.528393,107.882658,99.666022,130.6971583,107.468026,99.404188,120.083233,110.897916,111.293246,103.821009,111.101747,105.058145,107.431996,111.627834,108.882265,118.5619221,123.1782511,113.722376,107.7311,105.352032,105.10568,106.638448,107.214794
2013/5/1,104.24396,106.243964,122.371051,105.09423,110.137905,107.028219,109.400064,108.122131,99.771489,131.598983,107.468026,99.51352,120.883121,110.23562,111.28125,103.989619,111.496447,105.51196,107.593483,111.256338,109.150839,119.0006012,123.3576233,113.831914,107.7529,105.609616,105.001305,106.828307,107.412056
2013/6/1,103.918197,107.085246,124.420055,105.263158,109.914275,107.329313,109.400064,108.122131,99.771489,132.6946579,107.337198,99.611239,121.383051,110.23562,111.341227,103.807784,111.724114,105.625414,107.776502,111.188769,109.309541,119.3100027,124.2993274,114.993017,107.3489,105.609616,105.10568,107.084664,107.57055
2013/7/1,104.352547,107.400584,126.355225,104.946418,109.914275,107.436846,109.720885,107.643185,99.982422,133.9251851,107.567595,99.256084,122.382911,110.341914,111.940997,103.662316,112.036442,106.079229,107.88416,111.151987,109.43162,119.3457957,124.6860987,118.465372,108.2552,105.695478,105.001305,107.126855,107.015252
2013/8/1,104.24396,107.611189,127.948895,105.432086,110.361536,107.834721,109.400064,107.643185,100.298822,135.0461448,107.948502,99.18464,122.582884,110.897916,111.893015,103.758193,112.939104,106.079229,107.819565,111.468174,109.419413,119.6322256,124.5571749,119.637429,108.1241,105.695478,105.10568,107.255722,107.348203
2013/9/1,104.67831,107.611189,129.428731,105.189252,110.808796,107.533627,109.528393,108.481341,100.615222,136.1671045,108.158059,99.483013,122.782856,111.780979,112.000974,104.158229,113.10728,106.079229,107.88416,111.887758,109.602531,120.0509384,125.5100897,119.341676,108.1787,105.867201,105.001305,107.38046,107.14752
2013/10/1,104.895485,107.926527,130.6809,105.051998,110.808796,107.329313,109.720885,108.481341,100.720689,137.3807751,107.828094,99.406648,123.482758,111.89545,112.492785,103.943334,113.284609,105.852321,107.798033,112.420004,109.773442,120.7352288,127.7690583,119.560753,107.873,105.609616,104.792555,107.103925,107.583093
2013/11/1,105.004072,107.506456,132.388403,105.009766,110.920611,107.028219,109.528393,108.481341,100.720689,138.6534437,107.807254,99.413537,124.18266,111.780979,112.66072,103.877212,114.08545,106.079229,107.873394,113.468011,109.895521,121.387199,127.7802691,119.757921,107.338,105.609616,104.583804,106.885174,107.806581
2013/12/1,104.895485,107.611189,130.339399,105.368738,111.367872,107.232533,109.656721,109.199761,100.826156,140.6172302,107.938082,99.188478,124.882562,112.116215,112.79267,104.154923,113.723927,106.533043,108.045647,114.118912,110.054223,122.5039613,128.3688341,120.294657,107.3926,105.352032,104.583804,106.876002,107.903501
2014/1/1,104.895485,106.980512,129.314897,104.77749,110.696981,107.436846,109.78505,108.361604,100.720689,145.7501433,108.518127,98.917068,125.582465,113.236396,113.236499,102.948202,113.840621,105.852321,108.196368,115.139265,110.505916,123.1777331,130.9080717,121.576252,107.1633,105.695478,104.061929,107.273607,106.467935
2014/2/1,105.438422,106.769907,129.314897,105.35818,111.256057,107.329313,109.913378,108.481341,100.720689,150.7293764,108.80757,99.015378,126.482339,113.808752,113.57237,103.381299,113.815452,106.41959,108.368621,115.430931,110.77449,124.0276594,131.4686099,121.893912,107.6219,106.554093,104.583804,107.670295,106.422325
2014/3/1,105.655597,107.085246,129.997898,105.833289,111.479687,107.436846,110.041707,109.55897,100.931622,154.6328492,109.007865,99.373583,127.782158,113.236396,113.584366,103.374687,114.118627,106.646497,108.433216,115.747117,111.00644,125.1687139,132.9484305,121.992497,108.5172,107.155123,105.31443,108.363696,106.659496
2014/4/1,106.089947,107.189979,131.0224,105.791057,111.926947,107.630407,110.041707,109.678707,103.040956,157.3990898,109.078489,99.441977,128.882004,112.90116,114.136154,103.774723,113.652996,106.533043,108.099476,115.531195,111.555795,126.0073443,134.7365471,121.970589,109.0194,107.498569,105.418805,108.720945,107.608178
2014/5/1,106.198534,107.295851,131.819235,105.812173,111.815132,107.533627,109.913378,110.037917,103.462823,159.6581863,109.257944,99.733166,130.081836,113.007454,114.280098,103.827621,114.035111,106.41959,107.981052,115.161743,112.007488,126.5869781,135.2690583,122.167757,108.6482,108.013738,105.31443,109.100665,107.633264
2014/6/1,105.872772,107.611189,132.843737,105.769941,112.038763,107.630407,109.913378,110.037917,103.357356,161.7328667,109.117854,99.660738,130.881725,112.90116,114.232117,104.042516,113.842909,106.646497,108.067179,115.361318,111.885409,127.093326,135.6894619,122.69354,108.3534,108.099599,105.52318,109.303824,107.66291
2014/7/1,106.741471,107.715922,135.689575,105.432086,111.703317,107.533627,109.720885,109.55897,103.462823,164.0380672,109.277626,99.287673,131.481641,113.007454,114.48402,103.701989,113.505412,106.986858,108.250197,115.678594,111.799953,127.1060353,136.3060538,123.832735,109.2378,107.927876,105.31443,109.261174,106.650374
2014/8/1,106.307122,107.611189,136.941744,105.896637,112.038763,107.737941,109.271736,109.439234,103.673756,166.2203237,109.468659,99.25569,131.781599,113.236396,114.63996,103.596195,114.110619,106.986858,107.841097,116.094092,111.70229,127.4238004,136.4349776,124.413287,109.1614,107.927876,105.52318,109.078652,106.81913
2014/9/1,106.958646,107.295851,136.714077,105.495434,112.150578,107.329313,109.271736,110.157653,103.88469,168.5101562,109.398035,99.395823,132.681473,113.800575,114.627965,103.761499,113.894392,106.986858,107.75497,116.60672,111.506964,128.1501161,136.6255605,124.752855,109.1395,108.013738,105.210055,109.160741,106.982185
2014/10/1,107.067234,107.611189,136.714077,105.527108,112.262393,107.436846,109.271736,110.157653,103.56829,170.6002046,109.068069,99.394052,133.78132,113.800575,114.831886,103.817702,113.553463,106.759951,107.894926,117.251491,111.397092,128.6883465,139.220852,125.333406,109.0085,108.099599,105.001305,108.886499,107.480471
2014/11/1,107.067234,107.400584,136.714077,105.347622,111.926947,107.232533,109.079243,110.27739,103.25189,172.521205,108.848092,99.355279,135.481083,113.571633,114.963836,103.665622,113.766258,106.759951,107.75497,118.19719,111.275013,129.3446571,139.4730942,127.21746,108.3643,107.670292,104.68818,108.298575,107.405215
2014/12/1,107.067234,107.400584,135.917242,105.432086,111.926947,107.232533,108.758422,110.27739,103.25189,174.2424214,108.837672,98.862648,138.980594,113.915046,114.939845,103.827621,113.636979,106.646497,107.636546,118.776435,110.71345,130.3535454,138.8565022,130.350248,108.146,106.897539,104.270679,107.684512,106.779221
2015/1/1,107.067234,106.437493,136.031076,104.376287,111.032426,106.834658,108.565929,109.199761,103.146423,176.2095258,109.575174,98.437033,144.37984,114.258459,114.999822,102.736612,113.392151,105.625414,107.496591,118.66895,110.066431,131.9699294,140.3867713,130.032588,107.1633,106.725816,103.435679,107.17776,105.063155
2015/2/1,107.392996,105.686145,136.258743,105.073114,111.256057,107.232533,108.4376,109.439234,102.93549,177.8539022,109.510339,98.184026,147.579393,115.632112,115.10778,103.457339,113.503124,106.41959,107.937989,118.894136,110.18851,133.5799625,141.3901345,129.561574,107.7529,107.670292,104.061929,107.643238,105.279801
2015/3/1,107.718758,106.008314,136.827911,105.759383,111.479687,107.329313,108.630093,110.636599,103.25189,180.2052067,109.520759,98.504344,149.379142,115.05158,115.215739,103.543297,113.77541,106.986858,108.002584,119.378157,110.383837,135.343218,143.0661435,129.78065,108.9103,108.443045,104.68818,108.2839,105.951405
2015/4/1,108.153108,106.651513,137.397078,105.875521,111.703317,107.533627,109.079243,110.876073,103.779223,182.2645191,109.554334,98.325537,149.979058,114.822638,115.287711,103.533379,113.066094,107.440673,108.411684,119.069054,110.396045,136.3041549,145.3979821,130.251664,109.609,108.357184,104.68818,108.504028,106.925172
2015/5/1,108.370283,106.866672,138.42158,106.128913,111.926947,107.630407,109.079243,111.115546,104.095623,184.1394155,109.861144,98.554533,150.578974,114.593696,115.431656,103.890436,113.58092,107.667581,108.583937,118.474552,110.579163,137.3128056,146.2163677,130.897938,109.8492,108.958214,105.10568,109.057098,107.436001
2015/6/1,108.696046,107.188841,140.01525,106.044449,112.038763,107.834721,109.079243,111.235282,103.779223,185.9221039,109.883142,98.626961,150.878933,114.593696,115.599591,103.589583,113.457362,107.667581,108.745425,118.673037,110.701242,138.3975768,145.4652466,131.598981,109.4343,109.215799,105.31443,109.439111,107.723343
2015/7/1,108.696046,107.402861,140.698251,105.611572,111.815132,107.737941,108.950914,110.756336,103.673756,188.3963524,110.081121,98.020865,152.078765,114.937109,115.803513,103.622643,113.053509,107.894488,108.745425,118.847001,110.615787,139.2556418,145.5941704,132.825807,110.2751,109.30166,105.10568,109.446448,106.723349
2015/8/1,108.478871,107.188841,142.064253,105.949427,112.150578,107.931501,108.501765,110.516863,103.779223,190.6093449,110.235105,97.863708,152.578695,115.509464,115.779522,103.417666,113.159907,107.781034,108.820785,119.097798,110.383837,139.5620042,146.17713,133.340636,109.9366,109.30166,105.52318,109.291442,106.368734
2015/9/1,109.238983,106.759662,142.747254,105.527108,112.038763,107.533627,108.180943,110.876073,103.88469,192.8530734,109.949135,97.960837,153.47857,115.623935,115.959453,103.830927,113.161051,107.667581,108.896146,119.543947,110.322797,140.315639,147.4831839,133.274913,109.7291,109.129937,105.001305,109.121302,106.041484
2015/10/1,109.673333,106.866672,143.544089,105.590456,112.150578,107.737941,108.309272,110.876073,103.88469,194.9892259,109.949135,98.042417,154.578416,115.280522,116.187366,103.906967,112.674826,107.667581,109.272949,120.15902,110.542539,141.4662273,149.7757848,133.165375,109.6309,109.215799,104.792555,109.072232,106.721069
2015/11/1,109.999095,106.437493,144.113257,105.389854,112.150578,107.329313,108.180943,110.876073,103.462823,198.8004907,109.740736,97.97176,155.778248,115.280522,116.343306,103.728438,112.900206,106.986858,109.391373,120.815097,110.18851,142.8950362,150.7735426,133.43922,109.0194,109.129937,104.479429,108.842015,107.111032
2015/12/1,109.564745,106.330483,143.544089,105.62213,112.150578,107.329313,107.98845,111.474756,103.462823,206.5920684,110.069544,97.569172,156.978081,115.852877,116.355301,103.880518,112.910502,106.986858,109.251417,121.307291,109.761234,144.2668285,151.0874439,134.720815,108.8884,108.614768,104.375054,108.470091,106.798605
2016/1/1,110.21627,105.793156,143.771756,104.608563,111.256057,107.103492,107.475136,110.516863,103.040956,215.1366782,110.257103,97.190104,158.477871,116.433409,117.902707,103.523461,112.662242,106.192682,109.369841,121.769924,109.468244,146.0990172,153.8340807,135.410905,107.7748,108.872353,103.540054,108.649403,104.760991
2016/2/1,110.867795,105.472125,143.430256,104.872512,111.591502,106.888425,107.346808,110.516863,103.146423,220.9765194,110.729475,97.370585,159.477732,118.297652,118.070642,103.857375,112.546692,106.533043,109.434436,122.303123,109.626947,147.4139084,153.8004484,135.290413,108.4189,109.129937,103.957554,108.73883,104.391552
2016/3/1,111.302145,105.256967,143.430256,105.601014,112.038763,107.103492,107.475136,111.474756,103.25189,227.5540249,110.443505,97.65646,160.177634,117.823415,118.202591,104.373125,112.593598,107.213766,110.424891,122.483217,109.871105,148.0477882,153.7387892,135.553304,109.5217,109.816829,104.375054,109.20706,105.060875
2016/4/1,111.736494,105.686145,144.910092,105.674919,112.038763,106.995959,107.795958,111.474756,103.462823,235.2841305,110.651904,97.979534,160.877536,117.586296,118.202591,104.353288,112.535251,107.327219,110.618675,122.095374,110.469292,148.9508797,154.9439462,134.939891,109.62,110.160275,104.583804,109.724818,105.797472
2016/5/1,112.062257,106.008314,146.389928,106.107797,112.262393,107.318559,107.924286,111.833965,103.56829,245.1504744,110.717897,98.120947,161.577439,116.997588,118.130619,104.541735,111.80191,107.894488,110.973947,121.550868,111.091895,150.1126966,155.8408072,135.257551,109.8165,110.589582,105.10568,110.168741,106.375575
2016/6/1,112.713782,106.330483,148.097431,106.245051,112.486023,107.426093,108.116779,111.833965,103.462823,252.6910857,110.695899,98.258029,162.177355,116.883117,118.214587,104.650836,112.631352,108.007942,111.092371,121.684917,111.128519,150.638091,156.5751121,136.144809,109.4671,110.847167,105.836305,110.530576,106.86702
2016/7/1,113.473894,106.759662,149.235766,105.843847,112.486023,107.64116,107.795958,111.474756,103.25189,257.8630483,110.4875,97.821983,163.077229,117.120235,118.418508,104.713652,112.315592,108.348303,111.22156,122.002194,110.737866,151.4214091,158.396861,137.086836,110.013,110.675444,105.627555,110.351722,106.089374
2016/8/1,112.822369,106.437493,149.235766,106.192261,112.821469,107.856228,107.603465,111.235282,103.25189,258.3838209,110.772312,97.723673,163.077229,117.234707,118.166605,104.597939,112.869316,108.234849,111.167731,122.346035,110.701242,152.0876633,157.9372197,137.064929,110.144,110.503721,105.418805,110.453073,106.226203
2016/9/1,113.148131,106.330483,149.008099,105.938869,113.045099,107.64116,107.603465,111.953702,103.357356,261.3530226,111.432243,97.783111,163.277201,118.052357,118.166605,104.773161,112.879613,108.348303,110.930884,123.093113,110.737866,152.2093334,158.2230942,137.371635,109.8056,110.589582,105.001305,110.718601,106.230764
2016/10/1,113.691069,106.544503,149.577267,105.970543,113.156914,107.64116,108.116779,112.312912,103.990156,267.5192124,111.585069,97.833792,164.07709,117.937886,117.99867,105.133525,112.555844,108.461757,111.253858,123.840328,110.908776,152.6050777,160.4988789,137.568804,110.0894,110.847167,104.479429,110.85664,107.445123
2016/11/1,113.908244,106.115324,149.3496,105.949427,113.380544,107.426093,108.245107,112.312912,103.990156,271.8488053,111.420665,97.640321,164.776992,118.052357,117.830734,105.166585,112.917367,107.781034,111.329218,124.808369,110.859945,152.8797668,161.3284753,138.215078,109.7182,110.417859,104.375054,110.684207,107.835087
2016/12/1,113.365306,106.115324,148.438931,106.266167,113.93962,107.856228,109.015079,113.031331,103.779223,275.1043906,111.542232,97.562677,165.376908,118.289475,117.482868,105.688947,113.094696,108.461757,111.469174,125.383526,110.994232,153.3384061,163.9798206,138.795629,109.9584,110.246136,104.375054,110.720436,108.473623
2017/1/1,113.256719,105.903581,148.325098,106.012775,113.380544,108.178828,109.464228,112.672121,103.56829,278.7165113,112.727792,97.529317,166.476755,119.475068,117.278946,104.96822,113.291474,107.894488,112.265844,127.515369,111.17735,153.9210921,168.0156951,140.142947,109.5654,111.190612,103.853179,111.365684,107.877276
2017/2/1,113.691069,105.903581,148.666598,106.139471,114.16325,108.608963,109.78505,112.911594,103.462823,285.5817414,113.03576,97.999609,166.776713,119.23795,117.3989,105.705477,113.288041,108.461757,112.68571,128.25223,111.213974,154.4290317,169.3778027,140.471561,110.3733,111.362335,104.479429,111.716054,107.489593
2017/3/1,114.016831,106.221196,149.008099,106.815182,114.610511,108.608963,109.656721,113.510277,103.462823,292.3333533,112.958189,98.21099,166.976685,118.878184,117.326928,105.688947,113.334948,108.688664,112.94409,129.039223,110.71345,154.8151042,171.0986547,140.449654,110.7555,111.534058,105.10568,111.806857,107.466788
2017/4/1,114.234006,106.434078,149.235766,106.910204,115.057771,109.039097,109.977543,113.749751,103.88469,300.0324248,112.815783,98.408495,167.576601,118.992655,117.422891,106.303879,112.989442,109.142479,113.137874,129.197794,110.884361,155.0318454,173.3352018,140.570145,111.345,111.963366,105.52318,112.138423,108.498708
2017/5/1,114.451181,106.858703,149.577267,106.962994,115.505032,108.82403,109.977543,113.869487,103.990156,303.8822356,112.936191,98.591337,168.176517,118.878184,117.254955,106.370001,113.373846,109.142479,113.040982,129.04331,111.043063,155.5124441,174.1087444,141.117836,110.9847,112.049227,105.31443,112.234271,108.433714
2017/6/1,114.885531,106.115324,150.260268,106.973552,115.505032,108.716497,109.78505,113.989224,103.88469,308.1012366,112.695374,98.451795,169.176378,118.641065,117.566836,106.446041,113.211389,109.48284,112.868729,129.367671,111.067479,155.1547655,173.6434978,142.092724,110.679,111.963366,105.418805,112.33608,108.480464
2017/7/1,115.211293,106.009453,152.764606,106.604023,115.393217,108.82403,109.592557,113.630014,103.673756,313.3986467,112.881776,98.144072,169.276364,118.755536,117.494863,107.014687,112.948256,109.936655,113.202469,129.856868,110.920984,155.5271369,173.9013453,142.39943,111.487,111.963366,105.418805,112.258576,107.732465
2017/8/1,114.342593,106.328206,154.130608,107.153038,116.064107,109.146631,109.464228,113.510277,103.88469,318.0292038,113.528971,98.175858,168.376489,119.229773,117.290942,106.846077,113.325795,110.050109,113.27783,130.498641,111.043063,155.8226385,174.8038117,142.300846,111.6617,112.049227,105.836305,112.594729,107.94683
2017/9/1,114.994118,106.434078,153.902941,106.98411,116.399553,108.82403,109.913378,114.587907,104.20109,324.528545,113.660958,98.420698,168.176517,119.826658,117.24296,106.991545,113.302914,110.050109,113.159406,130.906919,111.690082,156.0719547,175.941704,142.487061,111.3996,112.306812,105.210055,113.190908,108.134971
2017/10/1,115.102706,106.751693,154.927443,107.08969,116.511368,108.608963,110.490857,114.82738,104.20109,328.7456203,113.550969,98.480431,168.476475,119.949306,116.631195,106.912199,112.975714,109.936655,113.48238,131.73083,111.860993,156.7274569,179.5964126,142.498015,111.5525,112.392673,105.10568,113.119366,109.132683
2017/11/1,115.211293,106.434078,156.634946,107.19527,116.958628,108.393896,111.068335,114.947116,104.51749,332.5849771,112.705794,98.408889,168.87642,119.949306,115.827504,107.1304,113.630115,109.48284,113.633101,133.088894,111.946448,157.1662938,182.2757848,142.782813,111.3669,112.736119,104.89693,113.122118,109.63097
2017/12/1,115.211293,106.539949,156.179612,107.533126,117.294074,108.82403,111.260828,115.426063,104.83389,343.9883292,113.112173,98.380842,169.576322,120.309072,116.17537,107.523824,113.519141,109.936655,113.848417,133.875887,111.848785,157.8578255,183.5257848,143.801517,111.3341,112.306812,104.792555,113.055621,109.68
2018/1/1,115.102706,106.009453,155.838111,107.427546,116.734998,109.146631,111.581649,114.707643,104.939357,349.4230165,113.584544,98.251239,170.076252,121.028604,120.973527,106.624569,113.30177,109.369386,114.182157,134.587137,111.93424,158.3156132,185.3979821,144.699729,111.1704,113.079565,104.061929,113.671519,108.497568
2018/2/1,116.18858,106.115324,155.268943,107.395872,117.294074,109.146631,111.389156,114.947116,104.939357,358.4370869,114.451717,98.615054,170.476196,122.484022,120.853573,107.404805,113.834901,109.709748,114.35441,135.099902,111.677874,158.8222231,186.7544843,144.940713,111.7054,113.766457,105.001305,114.186985,108.643519
2018/3/1,116.514343,106.434078,155.382777,108.483345,117.405889,109.469232,111.260828,115.665536,104.622957,367.2720644,114.331309,98.992153,170.976126,121.134899,120.697633,107.699047,113.603801,110.277016,114.515898,135.536923,111.580211,158.9651631,188.6098655,145.225511,111.88,114.109903,105.31443,114.445176,108.771226
2018/4/1,116.948692,106.858703,156.065778,108.662831,117.853149,109.576766,111.838306,115.905009,104.51749,376.7224505,114.539708,99.198909,171.576043,120.889604,120.349767,108.142063,113.07067,110.617377,114.860403,135.077288,112.080735,159.3148865,192.1412556,145.367911,112.5788,114.453349,105.10568,114.900106,109.669738
2018/5/1,117.05728,107.3892,156.862613,109.127382,118.30041,109.899366,112.030799,116.144482,104.728423,383.9907085,114.595281,99.576501,172.275945,120.652485,120.073873,108.393325,113.77541,111.411553,115.097251,134.858368,112.703338,159.952146,195.2578475,145.674617,112.9173,114.53921,105.73193,115.377966,110.658329
2018/6/1,117.817392,107.495072,157.659448,109.13794,118.30041,110.114434,112.159127,116.264219,104.622957,399.0614772,114.363726,99.580634,173.075833,120.529837,120.301785,108.644588,113.839477,111.525007,115.215675,135.379307,112.605675,161.9675431,200.3587444,146.529014,112.5679,114.710933,105.836305,115.561864,110.947951
2018/7/1,118.686092,107.495072,159.139284,109.042918,118.30041,110.437035,111.966635,116.144482,104.622957,410.229615,114.144907,99.351638,173.575763,120.889604,120.133849,109.209928,113.672445,111.978822,115.657073,136.104861,112.556843,162.5020359,201.4630045,146.934305,113.8563,115.311963,106.253805,115.56966,110.152061
2018/8/1,118.251742,107.600943,159.822285,109.570818,119.083116,110.867169,111.966635,116.024746,105.255757,426.8924129,115.154486,99.335302,173.575763,121.73996,119.965914,108.978502,114.151805,112.092276,115.81856,136.898938,112.849833,162.3557841,206.0874439,146.857628,113.9873,115.226102,106.566931,115.633864,110.309415
2018/9/1,118.903267,107.706815,159.594618,109.338542,119.194931,110.329501,112.159127,116.862902,105.361223,455.2710814,116.033236,99.394544,173.875721,122.590316,119.702015,109.477721,114.123204,112.319183,115.81856,137.47791,113.179446,163.1350919,219.0807175,146.594737,113.496,114.796795,106.14943,115.768233,110.578512
2018/10/1,118.686092,108.025569,160.163786,109.45468,119.306746,110.329501,112.608277,117.341848,105.677623,478.2824632,115.824837,99.570104,174.475638,122.835611,119.126237,109.338866,113.773122,112.432637,116.604464,138.190386,113.240485,163.8691998,224.92713,147.000027,113.8999,115.14024,106.045055,115.972768,111.60131
2018/11/1,119.229029,107.706815,160.277619,109.222404,119.642192,110.114434,112.608277,117.461585,105.46669,492.0984808,115.001659,99.316211,175.275526,122.467669,118.874333,109.233071,113.959603,111.751915,116.787483,139.366039,112.996327,163.5250745,221.6816143,147.394364,113.627,114.625072,105.52318,115.584335,111.479304
2018/12/1,119.229029,107.3892,159.480784,109.24352,119.754007,110.0069,112.608277,117.581321,105.15029,506.0217892,114.605701,99.061236,176.775317,122.467669,118.394518,109.719065,114.046552,111.751915,116.507572,140.342799,112.251646,163.7703621,220.7847534,148.30353,113.5178,114.53921,105.52318,115.215163,110.978737
2019/1/1,118.686092,107.283328,158.911617,108.757853,118.859486,110.114434,112.35162,116.862902,105.15029,520.2873273,114.485292,98.801537,178.575065,123.080907,117.146997,108.624751,113.704478,110.844285,116.453743,140.46268,112.22723,164.2944273,223.1334081,148.785497,113.6051,114.710933,104.792555,115.434832,109.560275
2019/2/1,119.663379,107.391477,159.253117,108.810642,119.418561,110.221967,112.80077,116.743165,105.15029,540.1941562,114.979662,99.185722,179.374954,124.307382,116.943075,109.438048,114.352015,111.2981,116.830546,140.423174,112.495804,165.0008933,223.4921525,148.665005,114.6096,115.483686,105.627555,115.922781,109.828232
2019/3/1,119.880554,107.926527,159.822285,109.686956,119.642192,110.544568,113.121591,117.701058,105.15029,566.0765274,114.759685,99.713878,179.874884,123.816792,116.823121,109.692617,114.373752,111.751915,117.185818,140.964002,112.959704,166.2384,225.7903587,148.829312,115.0464,116.25644,106.462555,116.576743,110.226177
2019/4/1,120.314904,108.248696,160.732953,110.035369,120.313082,110.759635,114.340712,117.820794,105.46669,584.4507497,115.176483,99.901346,180.4748,123.939439,116.883098,110.459629,114.123204,112.772998,117.250413,141.038928,113.460228,167.1859589,229.6132287,149.486541,115.8216,116.771608,106.880056,117.194017,111.337914
2019/5/1,119.989141,108.998905,161.643621,110.151507,120.648528,110.759635,114.597369,118.180004,105.46669,602.1465645,115.374463,100.208084,181.074716,124.184734,116.919084,110.73734,114.777605,112.999905,117.271944,140.632966,113.997375,167.4033006,231.793722,150.505244,115.6687,117.286777,106.775681,117.443495,111.55456
2019/6/1,120.097729,108.355706,162.668123,110.415457,120.648528,110.867169,114.918191,118.180004,105.255757,617.9133473,115.188061,100.178365,181.174702,124.062087,117.182983,110.578648,114.44926,113.340267,117.207349,140.722877,113.582307,167.4200409,231.8553812,151.337733,115.5595,117.029193,106.984431,117.466883,111.423432
2019/7/1,120.966428,108.033537,164.147959,110.204297,120.648528,110.867169,114.918191,117.701058,105.255757,631.168152,114.836098,99.661329,181.47466,124.552677,117.506859,111.018357,113.93329,113.794081,117.304242,141.251444,113.655554,167.738139,235,151.808747,116.7169,117.630223,106.775681,117.663164,110.732445
2019/8/1,120.097729,108.248696,165.058628,110.711081,121.207603,111.297304,114.918191,117.820794,105.46669,655.5927451,115.111648,99.651192,181.074716,125.427563,117.734771,110.552199,114.644894,113.680628,117.28271,141.228286,113.435812,167.922651,237.0179372,151.984007,117.23,117.4585,107.297556,117.657202,110.670872
2019/9/1,120.640666,108.033537,165.969296,110.330993,121.319419,110.652102,114.918191,118.299741,105.572157,693.6707691,115.538866,99.541959,180.774758,126.55592,118.010665,111.067948,114.573962,113.680628,116.74442,141.598828,113.533475,167.8554819,239.3721973,151.567763,116.4985,116.943331,107.088806,117.74938,110.670872
2019/10/1,120.857841,108.462716,167.562965,110.288761,121.095788,110.544568,115.174848,118.65895,105.888557,715.84941,115.824837,99.318081,180.97473,127.692454,118.070642,111.097703,114.325702,113.680628,117.164286,142.363071,113.374772,168.0233374,244.1647982,151.600624,117.0007,117.286777,106.775681,118.018578,111.744981
2019/11/1,121.183603,108.033537,169.156635,110.352109,121.319419,110.329501,115.303176,118.778687,105.994024,744.9879168,115.176483,99.185919,181.47466,128.207574,117.914702,111.203498,114.696377,112.886452,117.239647,143.511478,113.228278,168.8802564,245.0952915,151.8197,116.5312,117.115054,106.671306,117.955291,111.934261
2019/12/1,120.857841,108.033537,171.205639,110.837776,121.319419,110.544568,116.201476,119.616843,105.994024,773.531648,115.452033,99.21554,182.174563,128.207574,118.178601,111.639901,114.914892,113.45372,117.390368,144.312503,113.228278,170.8223793,246.9170404,152.334529,116.6077,117.115054,106.880056,117.847979,111.853304
2020/1/1,120.857841,107.605497,170.977971,110.373225,120.983973,110.652102,117.228104,119.137897,105.994024,788.1501451,115.881567,99.001404,182.874465,129.998228,117.99867,110.033144,114.639174,113.226813,118.090146,145.011356,113.411396,171.1811063,250.2522422,153.057135,115.7015,117.4585,106.14943,118.305202,110.762091
2020/2/1,120.749253,107.498487,169.725803,110.362667,121.431234,110.544568,118.062239,119.257633,105.78309,802.5812961,115.962612,99.123922,183.474381,131.044821,118.382522,110.578648,114.724978,113.567174,118.111677,145.613487,113.325941,171.6090591,251.132287,153.383932,116.433,117.973669,106.775681,118.629431,110.630963
2020/3/1,120.749253,107.926527,169.156635,110.426015,121.431234,110.652102,118.318896,119.616843,105.78309,831.4408471,115.707901,99.200188,184.474242,129.466756,118.550458,110.393507,114.329134,113.794081,117.917893,145.544011,112.349309,171.7291855,252.5672646,153.439604,116.6623,117.286777,107.193181,118.37124,110.206793
2020/4/1,121.292191,107.605497,172.343974,110.394341,121.319419,110.759635,118.190568,119.616843,105.677623,843.0527283,115.198481,98.839227,186.074018,128.305692,118.406513,110.059592,113.275457,113.907535,117.917893,144.068654,110.066431,171.196825,254.7253363,153.545245,117.1973,116.514024,106.775681,117.579699,110.539744
2020/5/1,121.509366,107.283328,171.774806,110.552711,121.319419,110.544568,117.933911,118.898423,105.572157,855.8283011,115.129015,98.880755,186.573948,127.275453,118.15461,110.724115,113.810876,113.907535,117.831766,144.623105,110.078639,170.546277,258.1950673,153.621765,117.0226,116.85747,106.253805,117.581992,110.532902
2020/6/1,121.726541,107.176318,172.799308,110.637175,121.431234,110.652102,118.639718,119.497106,105.361223,873.3631799,115.441613,98.901323,186.973893,127.152805,117.794748,111.36219,113.833757,114.020989,117.907127,145.414593,111.799953,170.9896974,261.1210762,154.155915,117.3829,117.801946,106.566931,118.225406,111.042591
2020/7/1,122.59524,107.391477,175.189812,111.059494,121.990309,110.437035,118.383061,119.73658,105.46669,887.7043718,115.348992,98.744559,187.573809,127.91322,124.704094,111.603534,113.46537,113.113359,118.165506,146.369556,112.544635,171.6052603,262.6457399,153.934331,118.6712,117.801946,106.35818,118.823419,110.046018
2020/8/1,122.16089,107.391477,176.100481,110.953914,121.431234,110.759635,118.254732,119.497106,105.572157,912.5094343,115.997345,98.788055,187.573809,128.42834,124.991983,111.43823,114.184983,113.113359,118.240867,146.945804,112.874248,172.0171129,264.9159193,153.659938,118.0598,117.630223,106.253805,119.198094,110.096189
2020/9/1,122.59524,107.283328,178.035651,110.383783,121.990309,110.0069,118.511389,119.976053,105.361223,937.8363698,116.63412,98.74574,187.373837,128.681811,124.788062,111.504352,114.56481,113.113359,117.799469,147.282289,112.752169,173.1180224,267.4943946,153.768253,117.7869,117.544362,105.836305,119.364107,110.261524
2020/10/1,122.921003,107.605497,180.312321,110.341551,121.990309,110.221967,118.639718,120.215526,105.255757,971.2406453,115.985767,98.751742,188.173725,128.297516,124.872029,111.405169,114.075153,113.340267,118.036317,148.181398,112.801001,174.6068374,273.1950673,153.814349,118.431,118.059531,105.210055,119.413636,110.840768
2020/11/1,122.052303,107.391477,180.881489,110.573827,121.766679,110.114434,118.768046,120.335262,104.939357,1000.109275,115.881567,98.506706,189.57353,127.528924,124.752075,111.415087,114.525912,113.113359,117.842532,148.293106,112.752169,176.1608383,279.4730942,154.298324,117.4921,118.231254,105.52318,119.340718,111.022067
2020/12/1,122.59524,107.283328,179.060153,110.816661,122.102124,110.329501,118.896375,121.053682,104.728423,1037.283031,116.159433,98.408101,191.07332,128.420163,124.476181,112.188711,114.942349,113.226813,117.87483,148.858455,112.92308,178.5390096,282.9652466,154.893749,117.7541,117.973669,105.836305,119.453075,111.258097
2021/1/1,123.89829,107.17518,177.921817,110.985588,121.878494,111.082236,120.436317,120.095789,105.255757,1071.381395,116.981452,98.462521,192.373139,129.703874,124.752075,111.775451,114.909171,114.588258,118.391588,150.137642,113.032951,178.9853571,287.7242152,155.429521,117.503,118.660561,105.94068,119.961203,111.268359
2021/2/1,124.766989,107.498487,178.263318,110.985588,121.990309,111.18977,121.013795,120.694472,105.255757,1110.0060510023,117.60665,98.624402,193.872929,130.480642,124.596135,112.079611,115.567005,115.26898,118.649968,151.087156,111.99528,180.5246312,290.3363229,155.50063,118.5402,119.261591,106.35818,120.617916,110.612719
2021/3/1,124.441227,108.142824,178.490985,111.650742,122.325755,111.512371,122.232916,122.011575,105.361223,1167.6913151542,117.907671,98.956923,195.172748,129.826522,124.416204,112.254833,115.823274,115.836248,118.972942,152.336373,112.251646,182.2035102,293.4585202,155.541727,118.8678,119.862622,107.193181,121.472286,111.685688
2021/4/1,124.875577,108.466131,179.62932,111.76688,123.108461,111.942505,123.19538,121.891838,104.51749,1215.6739225525,118.06976,99.163384,196.272594,129.442226,124.632121,112.529238,115.629928,116.17661,119.371277,152.83497,113.802049,182.7683411,298.3856502,155.725587,119.4028,120.463652,107.923806,122.470655,113.003809
2021/5/1,124.766989,108.89531,182.588992,112.125851,123.891167,111.942505,123.580366,122.251048,104.83389,1256.6372414236,118.150804,99.425543,197.772385,129.180578,124.860034,112.750746,116.560047,116.403517,119.554296,153.146934,112.764377,184.2853184,301.0369955,156.202611,119.512,121.064682,108.028181,123.452516,113.536303
2021/6/1,125.201339,109.003459,183.613494,112.273663,124.450242,112.050039,123.708694,122.849731,104.939357,1295.1474544433,118.150804,99.499152,199.072203,128.665458,125.05196,112.843316,116.545174,116.743878,119.823441,153.962944,113.191654,185.2620305,306.8834081,156.206188,119.7412,121.408128,108.236931,124.599471,114.076778
2021/7/1,126.287214,109.432638,184.979496,112.337011,124.450242,112.587707,124.222008,123.20894,105.15029,1335.0915115471,118.393936,99.414816,199.772105,129.049754,125.243886,113.14417,116.318651,117.311147,120.846192,154.867502,113.057367,187.040546,312.4215247,156.274133,120.3527,122.180882,108.654432,125.19886,113.217035
2021/8/1,126.287214,109.755945,185.434831,113.02328,125.344763,113.017842,124.606994,123.328677,105.15029,1369.8468247389,118.961245,99.658967,200.072064,129.180578,125.327854,113.726041,116.958179,117.424601,121.470609,155.163119,112.849833,188.6677988,315.9192825,156.103131,120.8767,122.438466,109.280682,125.45751,113.731285
2021/9/1,127.590263,109.971103,185.776331,112.769889,125.680209,112.802774,125.505294,123.92736,105.572157,1422.4066189888,119.44751,99.676287,201.271896,129.180578,125.579757,114.304606,117.445548,117.764962,121.169167,156.119444,114.644394,190.8563453,319.8766816,156.228545,120.9641,122.69605,109.802557,125.798249,114.679967
2021/10/1,127.264501,110.078114,188.394503,113.23444,127.02199,113.55551,126.916907,124.645779,105.361223,1476.0514249553,119.65591,99.978104,203.471589,130.079993,125.891638,114.536032,117.780757,118.33223,122.945525,157.427239,115.486739,193.2420496,327.5336323,156.367667,122.4817,123.554665,110.533183,126.843395,116.789417
2021/11/1,128.241788,109.971103,189.760505,113.646202,128.028327,114.200712,128.200192,125.483935,105.572157,1509.517874,120.257952,100.01668,205.47131,130.60329,126.155536,115.0617,118.935111,118.559138,124.485036,159.229545,115.816352,195.0778491,339.0358744,156.998545,123.5626,123.81225,111.159433,127.466631,117.146313
2021/12/1,129.110488,110.293272,189.191337,113.86792,128.699217,114.630846,129.355149,126.202355,105.572157,1570.8408435864,120.454774,99.914828,207.171072,130.210818,126.023587,116.529602,119.484259,118.786045,124.603459,159.807155,115.376868,196.5019173,385.0616592,157.790262,124.4798,123.640527,111.681308,127.858275,118.545392
2022/1/1,127.916026,110.508431,188.62217,114.152985,128.475587,116.458918,131.793391,126.082618,105.78309,1632.5297019353,121.39257,100.085959,209.170793,130.734114,126.215513,115.89814,119.522013,119.353314,127.381038,160.752582,116.683113,197.5630277,427.8195067,158.817885,125.0475,124.756726,111.263808,128.934148,118.091575
2022/2/1,129.327663,111.260917,189.077504,115.01874,129.481923,117.534254,131.408406,127.639194,106.204957,1707.0246696687,122.052501,100.745687,211.670444,131.519058,126.611361,116.889965,120.559673,120.260944,128.188473,162.086261,117.903903,199.5584143,448.3912556,158.703943,125.8555,126.044648,112.307558,130.111829,119.044818
2022/3/1,130.087775,111.905254,190.89884,116.655229,130.93552,118.717124,135.771575,130.273399,106.626824,1820.8301290941,122.839787,101.318226,227.768196,131.519058,126.959227,118.952963,122.060677,122.643472,128.855953,163.691035,118.697417,202.7912606,472.8923767,159.648028,130.4303,127.847739,114.39506,131.849002,122.651408
2022/4/1,131.607999,112.765889,193.630845,117.162012,134.178159,118.60959,138.466474,130.632608,107.04869,1933.5134377102,123.684962,101.69011,231.367694,132.042354,127.49902,119.686914,121.895933,123.437648,129.286586,164.576521,119.100278,204.940848,507.1692825,161.129265,130.8124,128.620492,115.43881,132.585053,122.433621
2022/5/1,131.933762,113.410226,195.452182,117.953862,135.07268,119.577393,140.840552,131.710237,107.365091,2025.76887,124.46067,102.351117,231.567666,131.780706,127.65496,120.943226,123.098337,124.572185,130.27704,164.866688,120.760552,205.90407,522.2869955,161.747803,129.9826,130.423583,116.482561,134.046607,123.445017
2022/6/1,133.128224,113.840544,196.476684,118.830175,136.190831,120.97533,142.957972,133.506286,107.365091,2136.653546,125.28269,102.867169,230.767778,131.878824,127.94285,122.639248,124.325912,124.572185,131.385918,166.258946,121.847055,207.2836272,548.1502242,163.001158,129.9826,131.282198,118.048186,135.887882,125.731205
2022/7/1,134.865623,115.130357,197.387352,119.16803,136.973537,121.512998,143.663779,134.823389,107.892424,2294.066353,125.884732,102.8282,229.867903,132.532944,128.590601,122.748349,124.514681,125.139454,132.473265,167.490453,121.663937,205.8740986,561.1154709,163.994075,132.734,131.453921,118.570062,135.871831,125.410796
2022/8/1,134.539861,114.808188,198.411854,119.706488,137.644428,122.480801,144.818736,134.823389,108.314291,2453.5212589908,125.768955,103.099314,228.668071,132.410297,129.082412,124.907223,125.689629,125.593268,133.549846,168.655208,121.712768,205.1329518,569.3105381,163.424368,135.3326,131.024614,118.778812,135.823678,125.728924
2022/9/1,136.385847,115.023347,199.550189,119.030777,138.427134,122.803402,147.128649,137.098384,108.736157,2601.6171051879,125.988932,102.918243,228.768057,132.794593,129.430278,126.692509,126.2342,127.862343,134.830977,169.701445,121.981342,204.5380662,586.8217489,165.524143,138.5426,131.110475,118.778812,136.115805,124.854358
2022/10/1,136.820197,115.667684,201.143859,120.255503,141.110697,126.997213,149.759384,138.415486,109.368958,2772.0274938233,126.382575,102.97345,229.267987,132.810946,129.682181,126.966914,125.72395,128.769973,138.028422,170.661857,122.396411,205.7448408,607.6233184,165.296261,140.0275,132.054951,120.657563,136.667958,125.273967
2022/11/1,136.603022,115.775833,200.916191,120.635591,141.669773,127.642415,150.786012,138.774696,109.579891,2910.6116057139,126.278375,102.977386,230.067875,132.696475,129.850117,128.252982,126.943516,128.99688,137.716213,171.644066,122.237708,206.5883947,625.1457399,165.507866,135.7693,132.226674,121.075063,136.52992,125.123455
2022/12/1,136.71161,116.098002,200.005523,120.530011,142.228848,127.965016,150.914341,139.014169,109.790824,3066.1371961891,126.498352,102.752721,231.867624,132.557474,130.185988,130.907768,127.203217,128.429611,137.500897,172.299326,122.176669,207.8692427,632.5392377,166.484506,136.4135,131.453921,120.866313,136.110761,125.311595
2023/1/1,136.928785,116.458876,200.916191,120.994563,141.334327,128.072549,154.700032,140.211535,110.423625,3248.8920690414,127.436149,103.371314,233.867345,133.473242,130.449886,129.433254,127.444613,129.677602,137.630087,173.468168,122.530698,208.9709497,674.5964126,166.923994,134.5246,132.140813,119.926937,137.199016,125.048199
2023/2/1,137.471722,117.028079,201.257692,122.240405,143.011554,128.287617,156.560796,141.528637,109.685358,3466.3021170872,127.73717,104.142637,234.867205,132.835475,130.353923,130.861483,128.156217,130.698686,136.67193,174.435392,122.384203,210.7263057,695.8127803,167.24954,135.8785,132.655982,121.805688,137.964876,126.228351
2023/3/1,138.557597,117.483441,201.713026,123.306762,144.129706,127.749948,158.293231,142.247056,110.107224,3737.2917713591,127.957147,104.302353,235.767079,132.434826,130.437891,131.608659,128.801466,131.719769,137.447068,174.902656,122.066798,212.2224624,711.7432735,167.640196,136.1733,133.342873,123.162564,138.42164,126.69357
2023/4/1,140.077821,118.394165,202.737528,124.05638,145.806933,128.287617,159.384023,143.204949,110.845491,4058.1688558301,128.24659,104.29881,236.666954,132.173178,130.941698,132.220284,128.899855,132.287038,136.531974,174.867237,122.28654,213.5170195,728.7219731,168.144793,137.5818,134.28735,123.788814,139.121921,127.448411
2023/5/1,140.729346,118.621846,203.875863,123.993032,146.813269,128.717751,159.384023,143.444422,110.845491,4380.8987683721,128.663389,104.560576,237.366856,132.042354,131.193601,132.636851,129.317436,132.173584,137.048733,174.487159,121.407571,214.0081086,729.0358744,168.356398,137.8547,134.802519,124.206315,139.47229,127.386838
2023/6/1,141.598045,118.621846,206.038701,124.21475,147.036899,128.717751,159.384023,144.162842,110.950958,4635.9524506072,128.698122,104.6271,238.26673,131.878824,131.445504,134.058468,129.937515,132.513945,136.844183,174.664256,122.140045,213.8369021,757.617713,168.763332,137.3852,134.974242,125.250065,139.922634,128.110892
2023/7/1,142.140983,118.963368,212.071878,124.278097,146.366008,128.717751,159.063202,144.282578,111.478291,4922.7936198679,128.848633,104.4787,239.766521,132.132296,131.565458,134.117978,129.632052,132.854307,137.953061,175.506149,122.127837,214.0935064,829.5067265,169.088878,138.8046,135.746995,125.458815,140.189539,128.327539
2023/8/1,141.055108,119.532571,211.958045,125.52394,146.813269,129.147886,159.063202,144.761525,111.689225,5526.3187324774,129.994829,104.701791,240.466423,132.541121,131.601444,134.21716,130.769245,133.308121,139.00811,176.47746,122.787064,214.5859215,904.882287,169.056324,139.427,136.262164,126.293816,140.801768,129.017386
2023/9/1,140.946521,119.41873,209.56754,124.858787,147.595975,129.362953,158.421559,145.360208,112.005625,6199.4182956892,130.65476,104.621195,242.56613,132.794593,131.613439,134.904826,131.429367,133.648483,138.049953,177.260775,122.347579,215.1438448,947.8923767,169.316761,138.8374,136.090441,126.398191,141.151679,129.244294
2023/10/1,142.358158,119.987933,210.933543,125.038273,147.595975,129.147886,158.870709,145.839154,112.954825,6733.358779,131.141025,104.717242,244.565851,132.549298,131.781375,135.242047,131.693644,133.648483,138.523649,177.926933,122.005758,215.6601901,980.4428251,169.658585,139.4597,136.176302,126.815691,141.097565,129.618294
2023/11/1,143.11827,119.646411,212.071878,124.827113,147.260529,128.502684,159.961501,146.198364,112.743892,7602.331018,130.457938,104.464037,247.265474,132.034178,132.021283,135.665226,131.463689,133.081214,138.760497,179.065805,121.712768,216.2640386,1012.6121076233,170.439896,138.0076,136.348025,125.771941,140.813233,129.166758
2023/12/1,143.226857,119.532571,211.388877,124.996041,147.819605,128.717751,160.08983,146.797046,112.638425,9509.3755614259,130.515827,104.514816,249.065223,132.156825,132.129241,136.653745,131.959066,133.194668,139.363382,180.330007,121.151205,217.4751172,1042.2533632287,171.156099,138.0622,135.918718,126.398191,140.673361,129.198685
2024/1/1,143.335445,119.532571,211.16121,124.784881,147.036899,129.147886,160.731473,146.67731,112.743892,11368.631171387,131.025247,104.693033,251.264915,132.40212,132.477108,136.45538,131.076997,133.421575,140.041628,181.94023,121.175621,218.3885127,1112.1188340807,171.221208,138.7828,135.918718,124.832565,141.439679,129.308148
2024/2/1,143.661207,119.987933,211.50271,125.861796,147.93142,129.255419,161.244787,147.395729,112.743892,13070.959258899,131.731489,105.359453,252.964678,133.767597,132.717016,136.792601,132.449866,133.988844,141.042848,182.111878,121.444195,220.2011374,1162.4887892377,171.856024,139.6999,136.348025,126.085066,142.315145,129.767666
2024/3/1,143.98697,120.670976,211.50271,126.136304,148.714126,129.255419,161.565608,148.114149,113.060292,14571.79126,131.928311,105.392223,253.964539,132.565651,132.585066,136.957905,132.32402,134.556112,141.817986,182.634997,121.480818,220.5534592,1199.2544843049,172.751277,140.3878,137.20664,126.606941,143.235094,130.756257
2024/4/1,145.181432,121.695541,212.527212,126.769783,149.273202,129.362953,163.362207,148.233885,113.587625,15916.356818602,131.997777,105.725433,255.264357,132.565651,133.0169,137.36786,132.440714,135.236835,141.13974,183.004176,122.51849,221.3915624,1237.3878923767,173.190765,141.3049,137.893532,126.920066,143.79275,131.666171
2024/5/1,144.964257,121.923222,213.665548,126.812015,149.720462,129.685554,163.5547,148.233885,114.009492,16600.852856301,132.101977,106.014064,257.064106,132.434826,133.232817,137.592674,133.367401,135.350288,141.656499,182.664967,123.27538,222.4099635,1279.0639013453,173.141933,141.5997,138.666285,127.650691,144.03168,132.012805
2024/6/1,145.290019,122.037063,216.511386,126.907037,149.944092,129.793087,163.747193,148.473359,114.114959,17323.587578986,131.800956,106.016622,258.763868,132.140472,133.412748,137.486879,133.080242,135.463742,141.968707,183.355646,122.896935,222.8770245,1300.0504484305,172.995437,141.8399,138.580424,128.068192,144.080291,132.509951
2024/7/1,146.050131,122.720106,219.698725,127.139313,149.608647,130.330756,166.057106,148.473359,114.536825,18022.974467141,132.13671,105.827088,261.663463,132.794593,133.580684,137.605898,132.742745,135.917557,142.980693,185.275109,123.128885,223.7239572,1341.9843049327,172.686168,143.9253,139.181454,128.276942,144.24768,131.880537
2024/8/1,144.747082,123.858511,219.698725,127.815024,150.167723,130.545823,166.249599,148.114149,115.064159,18768.724973356,132.611397,105.812032,262.26338,133.336368,133.676647,136.799213,133.659136,135.804103,142.980693,185.288732,123.226548,223.6792124,1375.1905829596,172.637336,144.3839,138.923869,128.485692,144.365081,131.934128
2024/9/1,145.181432,123.63083,221.064727,126.231326,150.055908,130.330756,166.442092,147.994412,114.853226,19466.499474677,132.738752,105.503129,263.463212,133.325738,133.844582,137.060394,133.995489,135.804103,142.27015,185.380005,123.104469,224.6634009,1416.0089686099,172.42573,143.696,138.322839,127.337566,144.596674,131.138238
2024/10/1,146.050131,124.200033,224.024399,126.579739,150.950429,130.330756,166.955406,148.473359,115.486026,20015.506599985,132.785063,105.369589,265.462933,132.946921,134.264421,137.371166,133.575619,136.371372,142.959162,186.398995,123.019014,225.9215159,1456.7881165919,172.555949,144.4057,138.923869,127.650691,144.763145,131.955793
2024/11/1,146.484481,123.744671,223.682899,126.400253,151.062244,130.223222,167.789541,148.952305,116.013359,20536.176047325,132.449309,105.227389,269.262402,132.298279,134.636278,137.781121,133.616805,136.031011,143.196009,187.210918,122.860311,226.8026098,1489.4786995516,173.076823,143.5541,138.923869,127.024441,144.684725,132.279622
2024/12/1,146.375894,123.403149,222.43073,126.643087,151.621319,130.330756,167.789541,149.790461,116.751626,21124.645797052,133.039773,105.169525,272.761914,132.288958,134.68426,137.767896,134.080149,136.711733,143.766597,187.926119,122.652777,227.9819834,1504.7926008969,173.841858,143.7179,138.408701,128.172567,144.736088,132.877109
